Accession,Organism_Name,Species,Genotype,Isolate,Length,Nuc_Completeness,Geo_Location,Country,Host,Tissue_Specimen_Source,Submitters,Collection_Date,Release_Date,Molecule_type,Serotype
OZ484492,dengue virus type 2,Orthoflavivirus denguei,,IEDCR-ARBV2500987,10512,complete,Bangladesh:Dhaka,Bangladesh,Homo sapiens,,"Nasif,M.A.O., Alam,A.N., Jony,M.H.K., Bhuiyan,M.A., Sultana,S., Hossen,A., Karmakar,L., Shirin,T.",2025-10-29,2026-06-17,ssRNA(+),DENV-2
OZ484494,dengue virus type 2,Orthoflavivirus denguei,,IEDCR-ARBV2500878,10512,complete,Bangladesh:Dhaka,Bangladesh,Homo sapiens,,"Nasif,M.A.O., Alam,A.N., Jony,M.H.K., Bhuiyan,M.A., Sultana,S., Hossen,A., Karmakar,L., Shirin,T.",2025-10-08,2026-06-17,ssRNA(+),DENV-2
OZ484495,dengue virus type 2,Orthoflavivirus denguei,,IEDCR-ARBV2500699,10512,complete,Bangladesh:Dhaka,Bangladesh,Homo sapiens,,"Nasif,M.A.O., Alam,A.N., Jony,M.H.K., Bhuiyan,M.A., Sultana,S., Hossen,A., Karmakar,L., Shirin,T.",2025-08-25,2026-06-17,ssRNA(+),DENV-2
OZ484496,dengue virus type 2,Orthoflavivirus denguei,,IEDCR-ARBV2500892,10512,complete,Bangladesh:Dhaka,Bangladesh,Homo sapiens,,"Nasif,M.A.O., Alam,A.N., Jony,M.H.K., Bhuiyan,M.A., Sultana,S., Hossen,A., Karmakar,L., Shirin,T.",2025-10-13,2026-06-17,ssRNA(+),DENV-2
OZ484497,dengue virus type 2,Orthoflavivirus denguei,,IEDCR-ARBV2500037,10512,complete,Bangladesh:Dhaka,Bangladesh,Homo sapiens,,"Nasif,M.A.O., Alam,A.N., Jony,M.H.K., Bhuiyan,M.A., Sultana,S., Hossen,A., Karmakar,L., Shirin,T.",2025-01-16,2026-06-17,ssRNA(+),DENV-2
OZ484498,dengue virus type 2,Orthoflavivirus denguei,,IEDCR-CBD625009,10512,complete,Bangladesh:Barguna,Bangladesh,Homo sapiens,,"Nasif,M.A.O., Alam,A.N., Jony,M.H.K., Bhuiyan,M.A., Sultana,S., Hossen,A., Karmakar,L., Shirin,T.",2025-06-17,2026-06-17,ssRNA(+),DENV-2
OZ484499,dengue virus type 2,Orthoflavivirus denguei,,IEDCR-ARBV2501007,10512,complete,Bangladesh:Dhaka,Bangladesh,Homo sapiens,,"Nasif,M.A.O., Alam,A.N., Jony,M.H.K., Bhuiyan,M.A., Sultana,S., Hossen,A., Karmakar,L., Shirin,T.",2025-11-02,2026-06-17,ssRNA(+),DENV-2
OZ484505,dengue virus type 2,Orthoflavivirus denguei,,IEDCR-ARBV2501041,10512,complete,Bangladesh:Dhaka,Bangladesh,Homo sapiens,,"Nasif,M.A.O., Alam,A.N., Jony,M.H.K., Bhuiyan,M.A., Sultana,S., Hossen,A., Karmakar,L., Shirin,T.",2025-11-13,2026-06-17,ssRNA(+),DENV-2
OZ484507,dengue virus type 2,Orthoflavivirus denguei,,IEDCR-ARBV2500916,10512,complete,Bangladesh:Dhaka,Bangladesh,Homo sapiens,,"Nasif,M.A.O., Alam,A.N., Jony,M.H.K., Bhuiyan,M.A., Sultana,S., Hossen,A., Karmakar,L., Shirin,T.",2025-10-16,2026-06-17,ssRNA(+),DENV-2
OZ484508,dengue virus type 2,Orthoflavivirus denguei,,IEDCR-ARBV2501044,10512,complete,Bangladesh:Dhaka,Bangladesh,Homo sapiens,,"Nasif,M.A.O., Alam,A.N., Jony,M.H.K., Bhuiyan,M.A., Sultana,S., Hossen,A., Karmakar,L., Shirin,T.",2025-11-16,2026-06-17,ssRNA(+),DENV-2
OZ484509,dengue virus type 2,Orthoflavivirus denguei,,IEDCR-ARBV2500988,10512,complete,Bangladesh:Dhaka,Bangladesh,Homo sapiens,,"Nasif,M.A.O., Alam,A.N., Jony,M.H.K., Bhuiyan,M.A., Sultana,S., Hossen,A., Karmakar,L., Shirin,T.",2025-10-29,2026-06-17,ssRNA(+),DENV-2
OZ484512,dengue virus type 2,Orthoflavivirus denguei,,IEDCR-ARBV2500989,10512,complete,Bangladesh:Dhaka,Bangladesh,Homo sapiens,,"Nasif,M.A.O., Alam,A.N., Jony,M.H.K., Bhuiyan,M.A., Sultana,S., Hossen,A., Karmakar,L., Shirin,T.",2025-10-29,2026-06-17,ssRNA(+),DENV-2
OZ484514,dengue virus type 2,Orthoflavivirus denguei,,IEDCR-ARBV2500955,10512,complete,Bangladesh:Dhaka,Bangladesh,Homo sapiens,,"Nasif,M.A.O., Alam,A.N., Jony,M.H.K., Bhuiyan,M.A., Sultana,S., Hossen,A., Karmakar,L., Shirin,T.",2025-10-23,2026-06-17,ssRNA(+),DENV-2
OZ484518,dengue virus type 2,Orthoflavivirus denguei,,IEDCR-ARBV2500975,10512,complete,Bangladesh:Dhaka,Bangladesh,Homo sapiens,,"Nasif,M.A.O., Alam,A.N., Jony,M.H.K., Bhuiyan,M.A., Sultana,S., Hossen,A., Karmakar,L., Shirin,T.",2025-10-27,2026-06-17,ssRNA(+),DENV-2
PZ017579,dengue virus type 2,Orthoflavivirus denguei,2,MMC4-2024,1485,partial,Bangladesh,Bangladesh,Homo sapiens,blood,"Aung,M.S., Kobayashi,N.",2024-10-31,2026-02-24,ssRNA(+),DENV-2
PZ017580,dengue virus type 2,Orthoflavivirus denguei,2,MMC18-2024,1485,partial,Bangladesh,Bangladesh,Homo sapiens,blood,"Aung,M.S., Kobayashi,N.",2024-10-31,2026-02-24,ssRNA(+),DENV-2
PZ017581,dengue virus type 2,Orthoflavivirus denguei,2,MMC26-2024,1485,partial,Bangladesh,Bangladesh,Homo sapiens,blood,"Aung,M.S., Kobayashi,N.",2024-10-31,2026-02-24,ssRNA(+),DENV-2
PZ017582,dengue virus type 2,Orthoflavivirus denguei,2,MMC106-2024,1713,partial,Bangladesh,Bangladesh,Homo sapiens,blood,"Aung,M.S., Kobayashi,N.",2024-10-31,2026-02-24,ssRNA(+),DENV-2
PZ017583,dengue virus type 2,Orthoflavivirus denguei,2,MMC116-2024,1591,partial,Bangladesh,Bangladesh,Homo sapiens,blood,"Aung,M.S., Kobayashi,N.",2024-10-31,2026-02-24,ssRNA(+),DENV-2
PZ017584,dengue virus type 2,Orthoflavivirus denguei,2,MMC131-2024,1664,partial,Bangladesh,Bangladesh,Homo sapiens,blood,"Aung,M.S., Kobayashi,N.",2024-10-31,2026-02-24,ssRNA(+),DENV-2
PZ017585,dengue virus type 2,Orthoflavivirus denguei,2,MMC134-2024,1541,partial,Bangladesh,Bangladesh,Homo sapiens,blood,"Aung,M.S., Kobayashi,N.",2024-10-31,2026-02-24,ssRNA(+),DENV-2
PZ017586,dengue virus type 2,Orthoflavivirus denguei,2,MMC138-2024,1542,partial,Bangladesh,Bangladesh,Homo sapiens,blood,"Aung,M.S., Kobayashi,N.",2024-10-31,2026-02-24,ssRNA(+),DENV-2
PZ017587,dengue virus type 2,Orthoflavivirus denguei,2,MMC140-2024,1669,partial,Bangladesh,Bangladesh,Homo sapiens,blood,"Aung,M.S., Kobayashi,N.",2024-10-31,2026-02-24,ssRNA(+),DENV-2
PZ017588,dengue virus type 2,Orthoflavivirus denguei,2,MMC149-2024,1673,partial,Bangladesh,Bangladesh,Homo sapiens,blood,"Aung,M.S., Kobayashi,N.",2024-10-31,2026-02-24,ssRNA(+),DENV-2
PZ017589,dengue virus type 2,Orthoflavivirus denguei,2,MMC208-2024,1631,partial,Bangladesh,Bangladesh,Homo sapiens,blood,"Aung,M.S., Kobayashi,N.",2025-09-30,2026-02-24,ssRNA(+),DENV-2
PZ017590,dengue virus type 2,Orthoflavivirus denguei,2,MMC213-2024,1631,partial,Bangladesh,Bangladesh,Homo sapiens,blood,"Aung,M.S., Kobayashi,N.",2025-09-30,2026-02-24,ssRNA(+),DENV-2
PZ017591,dengue virus type 2,Orthoflavivirus denguei,2,MMC217-2024,1631,partial,Bangladesh,Bangladesh,Homo sapiens,blood,"Aung,M.S., Kobayashi,N.",2025-09-30,2026-02-24,ssRNA(+),DENV-2
PZ017592,dengue virus type 2,Orthoflavivirus denguei,2,MMC227-2024,1631,partial,Bangladesh,Bangladesh,Homo sapiens,blood,"Aung,M.S., Kobayashi,N.",2025-11-30,2026-02-24,ssRNA(+),DENV-2
PZ017593,dengue virus type 2,Orthoflavivirus denguei,2,MMC229-2024,1631,partial,Bangladesh,Bangladesh,Homo sapiens,blood,"Aung,M.S., Kobayashi,N.",2025-11-30,2026-02-24,ssRNA(+),DENV-2
PZ017594,dengue virus type 2,Orthoflavivirus denguei,2,MMC232-2024,1634,partial,Bangladesh,Bangladesh,Homo sapiens,blood,"Aung,M.S., Kobayashi,N.",2025-11-30,2026-02-24,ssRNA(+),DENV-2
PX701199,dengue virus type 2,Orthoflavivirus denguei,2,Q2394,10655,partial,Bangladesh,Bangladesh,Homo sapiens,blood,"Rueca,M., Gruber,C.E.M., Specchiarello,E., Maggi,F., Chillemi,G., Carletti,F.",2024-08-01,2025-12-20,ssRNA(+),DENV-2
PQ621312,dengue virus type 2,Orthoflavivirus denguei,2,S20/DENV-2,150,partial,Bangladesh: Barishal,Bangladesh,Homo sapiens,blood,"Akter,L., Rakib,T.M., Rana,E.A., Alam,M., Khalil,I., Kabir,A.A., Biswas,R.S., Matsumoto,Y., Chowdhury,S., Kohara,K.-T.",2023-06,2025-01-07,ssRNA(+),DENV-2
PQ621313,dengue virus type 2,Orthoflavivirus denguei,2,S18/DENV-2,150,partial,Bangladesh: Barishal,Bangladesh,Homo sapiens,blood,"Akter,L., Rakib,T.M., Rana,E.A., Alam,M., Khalil,I., Kabir,A.A., Biswas,R.S., Matsumoto,Y., Chowdhury,S., Kohara,K.-T.",2023-06,2025-01-07,ssRNA(+),DENV-2
PQ621314,dengue virus type 2,Orthoflavivirus denguei,2,S16/DENV-2,150,partial,Bangladesh: Barishal,Bangladesh,Homo sapiens,blood,"Akter,L., Rakib,T.M., Rana,E.A., Alam,M., Khalil,I., Kabir,A.A., Biswas,R.S., Matsumoto,Y., Chowdhury,S., Kohara,K.-T.",2023-06,2025-01-07,ssRNA(+),DENV-2
PQ621315,dengue virus type 2,Orthoflavivirus denguei,2,S15/DENV-2,150,partial,Bangladesh: Barishal,Bangladesh,Homo sapiens,blood,"Akter,L., Rakib,T.M., Rana,E.A., Alam,M., Khalil,I., Kabir,A.A., Biswas,R.S., Matsumoto,Y., Chowdhury,S., Kohara,K.-T.",2023-06,2025-01-07,ssRNA(+),DENV-2
PQ621316,dengue virus type 2,Orthoflavivirus denguei,2,S14/DENV-2,150,partial,Bangladesh: Barishal,Bangladesh,Homo sapiens,blood,"Akter,L., Rakib,T.M., Rana,E.A., Alam,M., Khalil,I., Kabir,A.A., Biswas,R.S., Matsumoto,Y., Chowdhury,S., Kohara,K.-T.",2023-06,2025-01-07,ssRNA(+),DENV-2
PQ621317,dengue virus type 2,Orthoflavivirus denguei,2,S13/DENV-2,150,partial,Bangladesh: Barishal,Bangladesh,Homo sapiens,blood,"Akter,L., Rakib,T.M., Rana,E.A., Alam,M., Khalil,I., Kabir,A.A., Biswas,R.S., Matsumoto,Y., Chowdhury,S., Kohara,K.-T.",2023-06,2025-01-07,ssRNA(+),DENV-2
PQ621318,dengue virus type 2,Orthoflavivirus denguei,2,S12/DENV-2,150,partial,Bangladesh: Barishal,Bangladesh,Homo sapiens,blood,"Akter,L., Rakib,T.M., Rana,E.A., Alam,M., Khalil,I., Kabir,A.A., Biswas,R.S., Matsumoto,Y., Chowdhury,S., Kohara,K.-T.",2023-06,2025-01-07,ssRNA(+),DENV-2
PQ621319,dengue virus type 2,Orthoflavivirus denguei,2,S11/DENV-2,150,partial,Bangladesh: Barishal,Bangladesh,Homo sapiens,blood,"Akter,L., Rakib,T.M., Rana,E.A., Alam,M., Khalil,I., Kabir,A.A., Biswas,R.S., Matsumoto,Y., Chowdhury,S., Kohara,K.-T.",2023-06,2025-01-07,ssRNA(+),DENV-2
PQ621320,dengue virus type 2,Orthoflavivirus denguei,2,S10/DENV-2,150,partial,Bangladesh: Barishal,Bangladesh,Homo sapiens,blood,"Akter,L., Rakib,T.M., Rana,E.A., Alam,M., Khalil,I., Kabir,A.A., Biswas,R.S., Matsumoto,Y., Chowdhury,S., Kohara,K.-T.",2023-06,2025-01-07,ssRNA(+),DENV-2
PQ621321,dengue virus type 2,Orthoflavivirus denguei,2,S9/DENV-2,150,partial,Bangladesh: Barishal,Bangladesh,Homo sapiens,blood,"Akter,L., Rakib,T.M., Rana,E.A., Alam,M., Khalil,I., Kabir,A.A., Biswas,R.S., Matsumoto,Y., Chowdhury,S., Kohara,K.-T.",2023-06,2025-01-07,ssRNA(+),DENV-2
PQ621322,dengue virus type 2,Orthoflavivirus denguei,2,S8/DENV-2,150,partial,Bangladesh: Barishal,Bangladesh,Homo sapiens,blood,"Akter,L., Rakib,T.M., Rana,E.A., Alam,M., Khalil,I., Kabir,A.A., Biswas,R.S., Matsumoto,Y., Chowdhury,S., Kohara,K.-T.",2023-06,2025-01-07,ssRNA(+),DENV-2
PQ621323,dengue virus type 2,Orthoflavivirus denguei,2,S7/DENV-2,150,partial,Bangladesh: Barishal,Bangladesh,Homo sapiens,blood,"Akter,L., Rakib,T.M., Rana,E.A., Alam,M., Khalil,I., Kabir,A.A., Biswas,R.S., Matsumoto,Y., Chowdhury,S., Kohara,K.-T.",2023-06,2025-01-07,ssRNA(+),DENV-2
PQ621324,dengue virus type 2,Orthoflavivirus denguei,2,S6/DENV-2,150,partial,Bangladesh: Barishal,Bangladesh,Homo sapiens,blood,"Akter,L., Rakib,T.M., Rana,E.A., Alam,M., Khalil,I., Kabir,A.A., Biswas,R.S., Matsumoto,Y., Chowdhury,S., Kohara,K.-T.",2023-06,2025-01-07,ssRNA(+),DENV-2
PQ621325,dengue virus type 2,Orthoflavivirus denguei,2,S5/DENV-2,150,partial,Bangladesh: Barishal,Bangladesh,Homo sapiens,blood,"Akter,L., Rakib,T.M., Rana,E.A., Alam,M., Khalil,I., Kabir,A.A., Biswas,R.S., Matsumoto,Y., Chowdhury,S., Kohara,K.-T.",2023-06,2025-01-07,ssRNA(+),DENV-2
PQ621326,dengue virus type 2,Orthoflavivirus denguei,2,S4/DENV-2,150,partial,Bangladesh: Barishal,Bangladesh,Homo sapiens,blood,"Akter,L., Rakib,T.M., Rana,E.A., Alam,M., Khalil,I., Kabir,A.A., Biswas,R.S., Matsumoto,Y., Chowdhury,S., Kohara,K.-T.",2023-06,2025-01-07,ssRNA(+),DENV-2
PQ621327,dengue virus type 2,Orthoflavivirus denguei,2,S3/DENV-2,150,partial,Bangladesh: Barishal,Bangladesh,Homo sapiens,blood,"Akter,L., Rakib,T.M., Rana,E.A., Alam,M., Khalil,I., Kabir,A.A., Biswas,R.S., Matsumoto,Y., Chowdhury,S., Kohara,K.-T.",2023-06,2025-01-07,ssRNA(+),DENV-2
PQ621328,dengue virus type 2,Orthoflavivirus denguei,2,S2/DENV-2,150,partial,Bangladesh: Barishal,Bangladesh,Homo sapiens,blood,"Akter,L., Rakib,T.M., Rana,E.A., Alam,M., Khalil,I., Kabir,A.A., Biswas,R.S., Matsumoto,Y., Chowdhury,S., Kohara,K.-T.",2023-06,2025-01-07,ssRNA(+),DENV-2
PQ621329,dengue virus type 2,Orthoflavivirus denguei,2,S1/DENV-2,150,partial,Bangladesh: Barishal,Bangladesh,Homo sapiens,blood,"Akter,L., Rakib,T.M., Rana,E.A., Alam,M., Khalil,I., Kabir,A.A., Biswas,R.S., Matsumoto,Y., Chowdhury,S., Kohara,K.-T.",2023-06,2025-01-07,ssRNA(+),DENV-2
PQ621330,dengue virus type 2,Orthoflavivirus denguei,2,C7/DENV-2,150,partial,Bangladesh: Chattogram,Bangladesh,Homo sapiens,blood,"Akter,L., Rakib,T.M., Rana,E.A., Alam,M., Khalil,I., Kabir,A.A., Biswas,R.S., Matsumoto,Y., Chowdhury,S., Kohara,K.-T.",2023-11,2025-01-07,ssRNA(+),DENV-2
PQ621331,dengue virus type 2,Orthoflavivirus denguei,2,C6/DENV-2,150,partial,Bangladesh: Chattogram,Bangladesh,Homo sapiens,blood,"Akter,L., Rakib,T.M., Rana,E.A., Alam,M., Khalil,I., Kabir,A.A., Biswas,R.S., Matsumoto,Y., Chowdhury,S., Kohara,K.-T.",2023-11,2025-01-07,ssRNA(+),DENV-2
PQ621332,dengue virus type 2,Orthoflavivirus denguei,2,C4/DENV-2,150,partial,Bangladesh: Chattogram,Bangladesh,Homo sapiens,blood,"Akter,L., Rakib,T.M., Rana,E.A., Alam,M., Khalil,I., Kabir,A.A., Biswas,R.S., Matsumoto,Y., Chowdhury,S., Kohara,K.-T.",2023-11,2025-01-07,ssRNA(+),DENV-2
PQ621333,dengue virus type 2,Orthoflavivirus denguei,2,C3/DENV-2,150,partial,Bangladesh: Chattogram,Bangladesh,Homo sapiens,blood,"Akter,L., Rakib,T.M., Rana,E.A., Alam,M., Khalil,I., Kabir,A.A., Biswas,R.S., Matsumoto,Y., Chowdhury,S., Kohara,K.-T.",2023-11,2025-01-07,ssRNA(+),DENV-2
PQ621334,dengue virus type 2,Orthoflavivirus denguei,2,C2/DENV-2,150,partial,Bangladesh: Chattogram,Bangladesh,Homo sapiens,blood,"Akter,L., Rakib,T.M., Rana,E.A., Alam,M., Khalil,I., Kabir,A.A., Biswas,R.S., Matsumoto,Y., Chowdhury,S., Kohara,K.-T.",2023-11,2025-01-07,ssRNA(+),DENV-2
PQ621335,dengue virus type 2,Orthoflavivirus denguei,2,C1/DENV-2,150,partial,Bangladesh: Chattogram,Bangladesh,Homo sapiens,blood,"Akter,L., Rakib,T.M., Rana,E.A., Alam,M., Khalil,I., Kabir,A.A., Biswas,R.S., Matsumoto,Y., Chowdhury,S., Kohara,K.-T.",2023-11,2025-01-07,ssRNA(+),DENV-2
PQ621336,dengue virus type 2,Orthoflavivirus denguei,2,B34/DENV-2,150,partial,Bangladesh: Cumilla,Bangladesh,Homo sapiens,blood,"Akter,L., Rakib,T.M., Rana,E.A., Alam,M., Khalil,I., Kabir,A.A., Biswas,R.S., Matsumoto,Y., Chowdhury,S., Kohara,K.-T.",2023-07,2025-01-07,ssRNA(+),DENV-2
PQ621337,dengue virus type 2,Orthoflavivirus denguei,2,B33/DENV-2,150,partial,Bangladesh: Cumilla,Bangladesh,Homo sapiens,blood,"Akter,L., Rakib,T.M., Rana,E.A., Alam,M., Khalil,I., Kabir,A.A., Biswas,R.S., Matsumoto,Y., Chowdhury,S., Kohara,K.-T.",2023-07,2025-01-07,ssRNA(+),DENV-2
PQ621338,dengue virus type 2,Orthoflavivirus denguei,2,B32/DENV-2,150,partial,Bangladesh: Cumilla,Bangladesh,Homo sapiens,blood,"Akter,L., Rakib,T.M., Rana,E.A., Alam,M., Khalil,I., Kabir,A.A., Biswas,R.S., Matsumoto,Y., Chowdhury,S., Kohara,K.-T.",2023-07,2025-01-07,ssRNA(+),DENV-2
PQ621339,dengue virus type 2,Orthoflavivirus denguei,2,B31/DENV-2,151,partial,Bangladesh: Cumilla,Bangladesh,Homo sapiens,blood,"Akter,L., Rakib,T.M., Rana,E.A., Alam,M., Khalil,I., Kabir,A.A., Biswas,R.S., Matsumoto,Y., Chowdhury,S., Kohara,K.-T.",2023-07,2025-01-07,ssRNA(+),DENV-2
PQ621340,dengue virus type 2,Orthoflavivirus denguei,2,B29/DENV-2,151,partial,Bangladesh: Cumilla,Bangladesh,Homo sapiens,blood,"Akter,L., Rakib,T.M., Rana,E.A., Alam,M., Khalil,I., Kabir,A.A., Biswas,R.S., Matsumoto,Y., Chowdhury,S., Kohara,K.-T.",2023-07,2025-01-07,ssRNA(+),DENV-2
PQ621341,dengue virus type 2,Orthoflavivirus denguei,2,B26/DENV-2,150,partial,Bangladesh: Cumilla,Bangladesh,Homo sapiens,blood,"Akter,L., Rakib,T.M., Rana,E.A., Alam,M., Khalil,I., Kabir,A.A., Biswas,R.S., Matsumoto,Y., Chowdhury,S., Kohara,K.-T.",2023-07,2025-01-07,ssRNA(+),DENV-2
PQ621342,dengue virus type 2,Orthoflavivirus denguei,2,B24/DENV-2,150,partial,Bangladesh: Cumilla,Bangladesh,Homo sapiens,blood,"Akter,L., Rakib,T.M., Rana,E.A., Alam,M., Khalil,I., Kabir,A.A., Biswas,R.S., Matsumoto,Y., Chowdhury,S., Kohara,K.-T.",2023-07,2025-01-07,ssRNA(+),DENV-2
PQ621343,dengue virus type 2,Orthoflavivirus denguei,2,B22/DENV-2,150,partial,Bangladesh: Cumilla,Bangladesh,Homo sapiens,blood,"Akter,L., Rakib,T.M., Rana,E.A., Alam,M., Khalil,I., Kabir,A.A., Biswas,R.S., Matsumoto,Y., Chowdhury,S., Kohara,K.-T.",2023-07,2025-01-07,ssRNA(+),DENV-2
PQ621344,dengue virus type 2,Orthoflavivirus denguei,2,B18/DENV-2,150,partial,Bangladesh: Cumilla,Bangladesh,Homo sapiens,blood,"Akter,L., Rakib,T.M., Rana,E.A., Alam,M., Khalil,I., Kabir,A.A., Biswas,R.S., Matsumoto,Y., Chowdhury,S., Kohara,K.-T.",2023-07,2025-01-07,ssRNA(+),DENV-2
PQ621345,dengue virus type 2,Orthoflavivirus denguei,2,B17/DENV-2,150,partial,Bangladesh: Cumilla,Bangladesh,Homo sapiens,blood,"Akter,L., Rakib,T.M., Rana,E.A., Alam,M., Khalil,I., Kabir,A.A., Biswas,R.S., Matsumoto,Y., Chowdhury,S., Kohara,K.-T.",2023-07,2025-01-07,ssRNA(+),DENV-2
PQ621346,dengue virus type 2,Orthoflavivirus denguei,2,B16/DENV-2,150,partial,Bangladesh: Cumilla,Bangladesh,Homo sapiens,blood,"Akter,L., Rakib,T.M., Rana,E.A., Alam,M., Khalil,I., Kabir,A.A., Biswas,R.S., Matsumoto,Y., Chowdhury,S., Kohara,K.-T.",2023-07,2025-01-07,ssRNA(+),DENV-2
PQ621347,dengue virus type 2,Orthoflavivirus denguei,2,B15/DENV-2,150,partial,Bangladesh: Cumilla,Bangladesh,Homo sapiens,blood,"Akter,L., Rakib,T.M., Rana,E.A., Alam,M., Khalil,I., Kabir,A.A., Biswas,R.S., Matsumoto,Y., Chowdhury,S., Kohara,K.-T.",2023-07,2025-01-07,ssRNA(+),DENV-2
PQ621348,dengue virus type 2,Orthoflavivirus denguei,2,B12/DENV-2,150,partial,Bangladesh: Cumilla,Bangladesh,Homo sapiens,blood,"Akter,L., Rakib,T.M., Rana,E.A., Alam,M., Khalil,I., Kabir,A.A., Biswas,R.S., Matsumoto,Y., Chowdhury,S., Kohara,K.-T.",2023-07,2025-01-07,ssRNA(+),DENV-2
PQ621349,dengue virus type 2,Orthoflavivirus denguei,2,B11/DENV-2,150,partial,Bangladesh: Cumilla,Bangladesh,Homo sapiens,blood,"Akter,L., Rakib,T.M., Rana,E.A., Alam,M., Khalil,I., Kabir,A.A., Biswas,R.S., Matsumoto,Y., Chowdhury,S., Kohara,K.-T.",2023-07,2025-01-07,ssRNA(+),DENV-2
PQ621350,dengue virus type 2,Orthoflavivirus denguei,2,B9/DENV-2,150,partial,Bangladesh: Cumilla,Bangladesh,Homo sapiens,blood,"Akter,L., Rakib,T.M., Rana,E.A., Alam,M., Khalil,I., Kabir,A.A., Biswas,R.S., Matsumoto,Y., Chowdhury,S., Kohara,K.-T.",2023-07,2025-01-07,ssRNA(+),DENV-2
PQ621351,dengue virus type 2,Orthoflavivirus denguei,2,B5/DENV-2,150,partial,Bangladesh: Cumilla,Bangladesh,Homo sapiens,blood,"Akter,L., Rakib,T.M., Rana,E.A., Alam,M., Khalil,I., Kabir,A.A., Biswas,R.S., Matsumoto,Y., Chowdhury,S., Kohara,K.-T.",2023-07,2025-01-07,ssRNA(+),DENV-2
PQ621352,dengue virus type 2,Orthoflavivirus denguei,2,B3/DENV-2,150,partial,Bangladesh: Cumilla,Bangladesh,Homo sapiens,blood,"Akter,L., Rakib,T.M., Rana,E.A., Alam,M., Khalil,I., Kabir,A.A., Biswas,R.S., Matsumoto,Y., Chowdhury,S., Kohara,K.-T.",2023-07,2025-01-07,ssRNA(+),DENV-2
PQ621353,dengue virus type 2,Orthoflavivirus denguei,2,B2/DENV-2,150,partial,Bangladesh: Cumilla,Bangladesh,Homo sapiens,blood,"Akter,L., Rakib,T.M., Rana,E.A., Alam,M., Khalil,I., Kabir,A.A., Biswas,R.S., Matsumoto,Y., Chowdhury,S., Kohara,K.-T.",2023-07,2025-01-07,ssRNA(+),DENV-2
PQ657766,dengue virus type 2,Orthoflavivirus denguei,2,hDenV2/Bangladesh/NRICh-DS028/2023,10723,complete,Bangladesh: Chattogram,Bangladesh,Homo sapiens,blood,"Mannan,A., Rob,M.A., Satter,M., Faisal,A., Chowdhury,M.N., Maruf-ul-qader,M., Mehedi,H.H., Hossain,M., Hossain,M.M., Rahman,M.",2023-09,2024-12-04,ssRNA(+),DENV-2
PP704400,dengue virus type 2,Orthoflavivirus denguei,2,MMC-RB-98,510,partial,Bangladesh,Bangladesh,Homo sapiens,blood,"Aung,M.S., Kobayashi,N.",2023-10-31,2024-04-27,ssRNA(+),DENV-2
PP704401,dengue virus type 2,Orthoflavivirus denguei,2,MMC-RB-239,510,partial,Bangladesh,Bangladesh,Homo sapiens,blood,"Aung,M.S., Kobayashi,N.",2023-09-30,2024-04-27,ssRNA(+),DENV-2
PP704402,dengue virus type 2,Orthoflavivirus denguei,2,MMC-RB-215,510,partial,Bangladesh,Bangladesh,Homo sapiens,blood,"Aung,M.S., Kobayashi,N.",2024-01-31,2024-04-27,ssRNA(+),DENV-2
PP704403,dengue virus type 2,Orthoflavivirus denguei,2,MMC-RB-164,510,partial,Bangladesh,Bangladesh,Homo sapiens,blood,"Aung,M.S., Kobayashi,N.",2023-10-31,2024-04-27,ssRNA(+),DENV-2
PP704404,dengue virus type 2,Orthoflavivirus denguei,2,MMC-RB-122,510,partial,Bangladesh,Bangladesh,Homo sapiens,blood,"Aung,M.S., Kobayashi,N.",2023-11-30,2024-04-27,ssRNA(+),DENV-2
PP704405,dengue virus type 2,Orthoflavivirus denguei,2,MMC-RB-66,510,partial,Bangladesh,Bangladesh,Homo sapiens,blood,"Aung,M.S., Kobayashi,N.",2023-09-30,2024-04-27,ssRNA(+),DENV-2
PP704406,dengue virus type 2,Orthoflavivirus denguei,2,MMC-RB-60,510,partial,Bangladesh,Bangladesh,Homo sapiens,blood,"Aung,M.S., Kobayashi,N.",2023-12-31,2024-04-27,ssRNA(+),DENV-2
PP704407,dengue virus type 2,Orthoflavivirus denguei,2,MMC-RB-7,510,partial,Bangladesh,Bangladesh,Homo sapiens,blood,"Aung,M.S., Kobayashi,N.",2023-09-30,2024-04-27,ssRNA(+),DENV-2
PP704408,dengue virus type 2,Orthoflavivirus denguei,2,MMC-RB-170,510,partial,Bangladesh,Bangladesh,Homo sapiens,blood,"Aung,M.S., Kobayashi,N.",2023-11-30,2024-04-27,ssRNA(+),DENV-2
PP704409,dengue virus type 2,Orthoflavivirus denguei,2,MMC-RB-226,510,partial,Bangladesh,Bangladesh,Homo sapiens,blood,"Aung,M.S., Kobayashi,N.",2023-11-30,2024-04-27,ssRNA(+),DENV-2
PP697462,dengue virus type 2,Orthoflavivirus denguei,2,MMC-RB-49,510,partial,Bangladesh,Bangladesh,Homo sapiens,blood,"Aung,M.S., Kobayashi,N.",2024-01-31,2024-04-24,ssRNA(+),DENV-2
PP697463,dengue virus type 2,Orthoflavivirus denguei,2,MMC-RB-135,510,partial,Bangladesh,Bangladesh,Homo sapiens,blood,"Aung,M.S., Kobayashi,N.",2023-09-30,2024-04-24,ssRNA(+),DENV-2
PP697464,dengue virus type 2,Orthoflavivirus denguei,2,MMC-RB-154,510,partial,Bangladesh,Bangladesh,Homo sapiens,blood,"Aung,M.S., Kobayashi,N.",2023-09-30,2024-04-24,ssRNA(+),DENV-2
PP697465,dengue virus type 2,Orthoflavivirus denguei,2,MMC-RB-162,510,partial,Bangladesh,Bangladesh,Homo sapiens,blood,"Aung,M.S., Kobayashi,N.",2023-10-31,2024-04-24,ssRNA(+),DENV-2
PP697466,dengue virus type 2,Orthoflavivirus denguei,2,MMC-RB-177,510,partial,Bangladesh,Bangladesh,Homo sapiens,blood,"Aung,M.S., Kobayashi,N.",2024-01-31,2024-04-24,ssRNA(+),DENV-2
PP697467,dengue virus type 2,Orthoflavivirus denguei,2,MMC-RB-241,510,partial,Bangladesh,Bangladesh,Homo sapiens,blood,"Aung,M.S., Kobayashi,N.",2023-12-31,2024-04-24,ssRNA(+),DENV-2
PP697468,dengue virus type 2,Orthoflavivirus denguei,2,MMC-RB-282,510,partial,Bangladesh,Bangladesh,Homo sapiens,blood,"Aung,M.S., Kobayashi,N.",2023-11-30,2024-04-24,ssRNA(+),DENV-2
PP697469,dengue virus type 2,Orthoflavivirus denguei,2,MMC-RB-7,684,partial,Bangladesh,Bangladesh,Homo sapiens,blood,"Aung,M.S., Kobayashi,N.",2023-09-30,2024-04-24,ssRNA(+),DENV-2
PP697470,dengue virus type 2,Orthoflavivirus denguei,2,MMC-RB-60,1812,partial,Bangladesh,Bangladesh,Homo sapiens,blood,"Aung,M.S., Kobayashi,N.",2023-12-31,2024-04-24,ssRNA(+),DENV-2
PP697471,dengue virus type 2,Orthoflavivirus denguei,2,MMC-RB-86,1812,partial,Bangladesh,Bangladesh,Homo sapiens,blood,"Aung,M.S., Kobayashi,N.",2023-11-30,2024-04-24,ssRNA(+),DENV-2
PP325839,dengue virus type 2,Orthoflavivirus denguei,2,mi0012,7472,partial,Bangladesh,Bangladesh,Homo sapiens,blood,"Nasif,M.A.O., Rahman,S., Khan,M.H., Habib,T., Hossain,A., Karmakar,L., Sultana,S., Alam,A.N., Qadri,F., Shirin,T.",2023-11-18,2024-02-16,ssRNA(+),DENV-2
PP309840,dengue virus type 2,Orthoflavivirus denguei,2,mi0001,7472,partial,Bangladesh,Bangladesh,Homo sapiens,blood,"Nasif,M.A.O., Rahman,S., Khan,M.H., Habib,T., Hossain,A., Karmakar,L., Sultana,S., Alam,A.N., Qadri,F., Shirin,T.",2023-08-20,2024-02-13,ssRNA(+),DENV-2
PP309841,dengue virus type 2,Orthoflavivirus denguei,2,mi0002,7472,partial,Bangladesh,Bangladesh,Homo sapiens,blood,"Nasif,M.A.O., Rahman,S., Khan,M.H., Habib,T., Hossain,A., Karmakar,L., Sultana,S., Alam,A.N., Qadri,F., Shirin,T.",2023-08-05,2024-02-13,ssRNA(+),DENV-2
PP309842,dengue virus type 2,Orthoflavivirus denguei,2,mi0003,7472,partial,Bangladesh,Bangladesh,Homo sapiens,blood,"Nasif,M.A.O., Rahman,S., Khan,M.H., Habib,T., Hossain,A., Karmakar,L., Sultana,S., Alam,A.N., Qadri,F., Shirin,T.",2023-07-12,2024-02-13,ssRNA(+),DENV-2
PP309843,dengue virus type 2,Orthoflavivirus denguei,2,mi0004,7472,partial,Bangladesh,Bangladesh,Homo sapiens,blood,"Nasif,M.A.O., Rahman,S., Khan,M.H., Habib,T., Hossain,A., Karmakar,L., Sultana,S., Alam,A.N., Qadri,F., Shirin,T.",2023-09-01,2024-02-13,ssRNA(+),DENV-2
PP309844,dengue virus type 2,Orthoflavivirus denguei,2,mi0005,7472,partial,Bangladesh,Bangladesh,Homo sapiens,blood,"Nasif,M.A.O., Rahman,S., Khan,M.H., Habib,T., Hossain,A., Karmakar,L., Sultana,S., Alam,A.N., Qadri,F., Shirin,T.",2023-09-02,2024-02-13,ssRNA(+),DENV-2
PP309845,dengue virus type 2,Orthoflavivirus denguei,2,mi0006,7472,partial,Bangladesh,Bangladesh,Homo sapiens,blood,"Nasif,M.A.O., Rahman,S., Khan,M.H., Habib,T., Hossain,A., Karmakar,L., Sultana,S., Alam,A.N., Qadri,F., Shirin,T.",2023-09-09,2024-02-13,ssRNA(+),DENV-2
PP309846,dengue virus type 2,Orthoflavivirus denguei,2,mi0007,7472,partial,Bangladesh,Bangladesh,Homo sapiens,blood,"Nasif,M.A.O., Rahman,S., Khan,M.H., Habib,T., Hossain,A., Karmakar,L., Sultana,S., Alam,A.N., Qadri,F., Shirin,T.",2023-07-22,2024-02-13,ssRNA(+),DENV-2
PP309847,dengue virus type 2,Orthoflavivirus denguei,2,mi0008,7472,partial,Bangladesh,Bangladesh,Homo sapiens,blood,"Nasif,M.A.O., Rahman,S., Khan,M.H., Habib,T., Hossain,A., Karmakar,L., Sultana,S., Alam,A.N., Qadri,F., Shirin,T.",2023-09-16,2024-02-13,ssRNA(+),DENV-2
PP309848,dengue virus type 2,Orthoflavivirus denguei,2,mi0009,7472,partial,Bangladesh,Bangladesh,Homo sapiens,blood,"Nasif,M.A.O., Rahman,S., Khan,M.H., Habib,T., Hossain,A., Karmakar,L., Sultana,S., Alam,A.N., Qadri,F., Shirin,T.",2023-09-22,2024-02-13,ssRNA(+),DENV-2
PP309849,dengue virus type 2,Orthoflavivirus denguei,2,mi0010,7472,partial,Bangladesh,Bangladesh,Homo sapiens,blood,"Nasif,M.A.O., Rahman,S., Khan,M.H., Habib,T., Hossain,A., Karmakar,L., Sultana,S., Alam,A.N., Qadri,F., Shirin,T.",2023-08-21,2024-02-13,ssRNA(+),DENV-2
PP309850,dengue virus type 2,Orthoflavivirus denguei,2,mi0011,7472,partial,Bangladesh,Bangladesh,Homo sapiens,blood,"Nasif,M.A.O., Rahman,S., Khan,M.H., Habib,T., Hossain,A., Karmakar,L., Sultana,S., Alam,A.N., Qadri,F., Shirin,T.",2023-11-16,2024-02-13,ssRNA(+),DENV-2
PP292002,dengue virus type 2,Orthoflavivirus denguei,2,IEDCR-mi001,8496,partial,Bangladesh,Bangladesh,Homo sapiens,blood,"Nasif,M.A.O., Rahman,S., Khan,M.H., Habib,T., Sultana,S., Alam,A.N., Hossain,A., Karmakar,L., Qadri,F., Shirin,T.",2023-08-20,2024-02-12,ssRNA(+),DENV-2
OR923387,dengue virus type 2,Orthoflavivirus denguei,2,BSMMU 16,443,partial,Bangladesh,Bangladesh,Homo sapiens,blood,"Khatun,T.",2022-08-02,2023-12-16,ssRNA(+),DENV-2
OR923388,dengue virus type 2,Orthoflavivirus denguei,2,BSMMU 154,450,partial,Bangladesh,Bangladesh,Homo sapiens,blood,"Khatun,T.",2022-11-23,2023-12-16,ssRNA(+),DENV-2
OR726319,dengue virus type 2,Orthoflavivirus denguei,2,cD14A,390,partial,Bangladesh,Bangladesh,Homo sapiens,blood,"Chowdhury,F.R., Ayub,M.I., Parvez,N., Rahman,M.",2023-10-08,2023-10-30,ssRNA(+),DENV-2
OQ826850,dengue virus type 2,Orthoflavivirus denguei,2,D2-18-01,1485,partial,Bangladesh,Bangladesh,Homo sapiens,blood,"Rahim,R., Hasan,A., Phadungsombat,J., Hasan,N., Ara,N., Biswas,S.M., Nakayama,E.E., Rahman,M., Shioda,T., Nakayama,E.",2018,2023-06-12,ssRNA(+),DENV-2
OQ826851,dengue virus type 2,Orthoflavivirus denguei,2,D2-18-02,1485,partial,Bangladesh,Bangladesh,Homo sapiens,blood,"Rahim,R., Hasan,A., Phadungsombat,J., Hasan,N., Ara,N., Biswas,S.M., Nakayama,E.E., Rahman,M., Shioda,T., Nakayama,E.",2018,2023-06-12,ssRNA(+),DENV-2
OQ826852,dengue virus type 2,Orthoflavivirus denguei,2,D2-18-03,1485,partial,Bangladesh,Bangladesh,Homo sapiens,blood,"Rahim,R., Hasan,A., Phadungsombat,J., Hasan,N., Ara,N., Biswas,S.M., Nakayama,E.E., Rahman,M., Shioda,T., Nakayama,E.",2018,2023-06-12,ssRNA(+),DENV-2
OQ826853,dengue virus type 2,Orthoflavivirus denguei,2,D2-18-04,1485,partial,Bangladesh,Bangladesh,Homo sapiens,blood,"Rahim,R., Hasan,A., Phadungsombat,J., Hasan,N., Ara,N., Biswas,S.M., Nakayama,E.E., Rahman,M., Shioda,T., Nakayama,E.",2018,2023-06-12,ssRNA(+),DENV-2
OQ826854,dengue virus type 2,Orthoflavivirus denguei,2,D2-18-05,1485,partial,Bangladesh,Bangladesh,Homo sapiens,blood,"Rahim,R., Hasan,A., Phadungsombat,J., Hasan,N., Ara,N., Biswas,S.M., Nakayama,E.E., Rahman,M., Shioda,T., Nakayama,E.",2018,2023-06-12,ssRNA(+),DENV-2
OQ826855,dengue virus type 2,Orthoflavivirus denguei,2,D2-18-06,1485,partial,Bangladesh,Bangladesh,Homo sapiens,blood,"Rahim,R., Hasan,A., Phadungsombat,J., Hasan,N., Ara,N., Biswas,S.M., Nakayama,E.E., Rahman,M., Shioda,T., Nakayama,E.",2018,2023-06-12,ssRNA(+),DENV-2
OQ826856,dengue virus type 2,Orthoflavivirus denguei,2,D2-18-07,1485,partial,Bangladesh,Bangladesh,Homo sapiens,blood,"Rahim,R., Hasan,A., Phadungsombat,J., Hasan,N., Ara,N., Biswas,S.M., Nakayama,E.E., Rahman,M., Shioda,T., Nakayama,E.",2018,2023-06-12,ssRNA(+),DENV-2
OQ826857,dengue virus type 2,Orthoflavivirus denguei,2,D2-18-08,1485,partial,Bangladesh,Bangladesh,Homo sapiens,blood,"Rahim,R., Hasan,A., Phadungsombat,J., Hasan,N., Ara,N., Biswas,S.M., Nakayama,E.E., Rahman,M., Shioda,T., Nakayama,E.",2018,2023-06-12,ssRNA(+),DENV-2
OQ826858,dengue virus type 2,Orthoflavivirus denguei,2,D2-18-09,1485,partial,Bangladesh,Bangladesh,Homo sapiens,blood,"Rahim,R., Hasan,A., Phadungsombat,J., Hasan,N., Ara,N., Biswas,S.M., Nakayama,E.E., Rahman,M., Shioda,T., Nakayama,E.",2018,2023-06-12,ssRNA(+),DENV-2
OQ826859,dengue virus type 2,Orthoflavivirus denguei,2,D2-18-10,1485,partial,Bangladesh,Bangladesh,Homo sapiens,blood,"Rahim,R., Hasan,A., Phadungsombat,J., Hasan,N., Ara,N., Biswas,S.M., Nakayama,E.E., Rahman,M., Shioda,T., Nakayama,E.",2018,2023-06-12,ssRNA(+),DENV-2
OQ826860,dengue virus type 2,Orthoflavivirus denguei,2,D2-18-11,1485,partial,Bangladesh,Bangladesh,Homo sapiens,blood,"Rahim,R., Hasan,A., Phadungsombat,J., Hasan,N., Ara,N., Biswas,S.M., Nakayama,E.E., Rahman,M., Shioda,T., Nakayama,E.",2018,2023-06-12,ssRNA(+),DENV-2
OQ826861,dengue virus type 2,Orthoflavivirus denguei,2,D2-18-12,1485,partial,Bangladesh,Bangladesh,Homo sapiens,blood,"Rahim,R., Hasan,A., Phadungsombat,J., Hasan,N., Ara,N., Biswas,S.M., Nakayama,E.E., Rahman,M., Shioda,T., Nakayama,E.",2018,2023-06-12,ssRNA(+),DENV-2
OQ826862,dengue virus type 2,Orthoflavivirus denguei,2,D2-18-13,1485,partial,Bangladesh,Bangladesh,Homo sapiens,blood,"Rahim,R., Hasan,A., Phadungsombat,J., Hasan,N., Ara,N., Biswas,S.M., Nakayama,E.E., Rahman,M., Shioda,T., Nakayama,E.",2018,2023-06-12,ssRNA(+),DENV-2
OQ826863,dengue virus type 2,Orthoflavivirus denguei,2,D2-18-14,1485,partial,Bangladesh,Bangladesh,Homo sapiens,blood,"Rahim,R., Hasan,A., Phadungsombat,J., Hasan,N., Ara,N., Biswas,S.M., Nakayama,E.E., Rahman,M., Shioda,T., Nakayama,E.",2018,2023-06-12,ssRNA(+),DENV-2
OQ826864,dengue virus type 2,Orthoflavivirus denguei,2,D2-18-15,1485,partial,Bangladesh,Bangladesh,Homo sapiens,blood,"Rahim,R., Hasan,A., Phadungsombat,J., Hasan,N., Ara,N., Biswas,S.M., Nakayama,E.E., Rahman,M., Shioda,T., Nakayama,E.",2018,2023-06-12,ssRNA(+),DENV-2
OQ826865,dengue virus type 2,Orthoflavivirus denguei,2,D2-18-16,1485,partial,Bangladesh,Bangladesh,Homo sapiens,blood,"Rahim,R., Hasan,A., Phadungsombat,J., Hasan,N., Ara,N., Biswas,S.M., Nakayama,E.E., Rahman,M., Shioda,T., Nakayama,E.",2018,2023-06-12,ssRNA(+),DENV-2
OQ826866,dengue virus type 2,Orthoflavivirus denguei,2,D2-18-17,1485,partial,Bangladesh,Bangladesh,Homo sapiens,blood,"Rahim,R., Hasan,A., Phadungsombat,J., Hasan,N., Ara,N., Biswas,S.M., Nakayama,E.E., Rahman,M., Shioda,T., Nakayama,E.",2018,2023-06-12,ssRNA(+),DENV-2
OQ826867,dengue virus type 2,Orthoflavivirus denguei,2,D2-18-19,1485,partial,Bangladesh,Bangladesh,Homo sapiens,blood,"Rahim,R., Hasan,A., Phadungsombat,J., Hasan,N., Ara,N., Biswas,S.M., Nakayama,E.E., Rahman,M., Shioda,T., Nakayama,E.",2018,2023-06-12,ssRNA(+),DENV-2
OQ826868,dengue virus type 2,Orthoflavivirus denguei,2,D2-18-20,1485,partial,Bangladesh,Bangladesh,Homo sapiens,blood,"Rahim,R., Hasan,A., Phadungsombat,J., Hasan,N., Ara,N., Biswas,S.M., Nakayama,E.E., Rahman,M., Shioda,T., Nakayama,E.",2018,2023-06-12,ssRNA(+),DENV-2
OQ826869,dengue virus type 2,Orthoflavivirus denguei,2,D2-18-21,1485,partial,Bangladesh,Bangladesh,Homo sapiens,blood,"Rahim,R., Hasan,A., Phadungsombat,J., Hasan,N., Ara,N., Biswas,S.M., Nakayama,E.E., Rahman,M., Shioda,T., Nakayama,E.",2018,2023-06-12,ssRNA(+),DENV-2
OQ826870,dengue virus type 2,Orthoflavivirus denguei,2,D2-18-23,1485,partial,Bangladesh,Bangladesh,Homo sapiens,blood,"Rahim,R., Hasan,A., Phadungsombat,J., Hasan,N., Ara,N., Biswas,S.M., Nakayama,E.E., Rahman,M., Shioda,T., Nakayama,E.",2018,2023-06-12,ssRNA(+),DENV-2
OQ826871,dengue virus type 2,Orthoflavivirus denguei,2,D2-18-24,1485,partial,Bangladesh,Bangladesh,Homo sapiens,blood,"Rahim,R., Hasan,A., Phadungsombat,J., Hasan,N., Ara,N., Biswas,S.M., Nakayama,E.E., Rahman,M., Shioda,T., Nakayama,E.",2018,2023-06-12,ssRNA(+),DENV-2
OQ826872,dengue virus type 2,Orthoflavivirus denguei,2,D2-18-25,1485,partial,Bangladesh,Bangladesh,Homo sapiens,blood,"Rahim,R., Hasan,A., Phadungsombat,J., Hasan,N., Ara,N., Biswas,S.M., Nakayama,E.E., Rahman,M., Shioda,T., Nakayama,E.",2018,2023-06-12,ssRNA(+),DENV-2
OQ826873,dengue virus type 2,Orthoflavivirus denguei,2,D2-18-27,1485,partial,Bangladesh,Bangladesh,Homo sapiens,blood,"Rahim,R., Hasan,A., Phadungsombat,J., Hasan,N., Ara,N., Biswas,S.M., Nakayama,E.E., Rahman,M., Shioda,T., Nakayama,E.",2018,2023-06-12,ssRNA(+),DENV-2
OQ826874,dengue virus type 2,Orthoflavivirus denguei,2,D2-18-28,1485,partial,Bangladesh,Bangladesh,Homo sapiens,blood,"Rahim,R., Hasan,A., Phadungsombat,J., Hasan,N., Ara,N., Biswas,S.M., Nakayama,E.E., Rahman,M., Shioda,T., Nakayama,E.",2018,2023-06-12,ssRNA(+),DENV-2
OQ826875,dengue virus type 2,Orthoflavivirus denguei,2,D2-18-29,1485,partial,Bangladesh,Bangladesh,Homo sapiens,blood,"Rahim,R., Hasan,A., Phadungsombat,J., Hasan,N., Ara,N., Biswas,S.M., Nakayama,E.E., Rahman,M., Shioda,T., Nakayama,E.",2018,2023-06-12,ssRNA(+),DENV-2
OQ826876,dengue virus type 2,Orthoflavivirus denguei,2,D2-18-31,1485,partial,Bangladesh,Bangladesh,Homo sapiens,blood,"Rahim,R., Hasan,A., Phadungsombat,J., Hasan,N., Ara,N., Biswas,S.M., Nakayama,E.E., Rahman,M., Shioda,T., Nakayama,E.",2018,2023-06-12,ssRNA(+),DENV-2
OQ826877,dengue virus type 2,Orthoflavivirus denguei,2,D2-18-32,1485,partial,Bangladesh,Bangladesh,Homo sapiens,blood,"Rahim,R., Hasan,A., Phadungsombat,J., Hasan,N., Ara,N., Biswas,S.M., Nakayama,E.E., Rahman,M., Shioda,T., Nakayama,E.",2018,2023-06-12,ssRNA(+),DENV-2
OQ826878,dengue virus type 2,Orthoflavivirus denguei,2,D2-18-33,1485,partial,Bangladesh,Bangladesh,Homo sapiens,blood,"Rahim,R., Hasan,A., Phadungsombat,J., Hasan,N., Ara,N., Biswas,S.M., Nakayama,E.E., Rahman,M., Shioda,T., Nakayama,E.",2018,2023-06-12,ssRNA(+),DENV-2
OQ826879,dengue virus type 2,Orthoflavivirus denguei,2,D2-18-35,1485,partial,Bangladesh,Bangladesh,Homo sapiens,blood,"Rahim,R., Hasan,A., Phadungsombat,J., Hasan,N., Ara,N., Biswas,S.M., Nakayama,E.E., Rahman,M., Shioda,T., Nakayama,E.",2018,2023-06-12,ssRNA(+),DENV-2
MT125046,dengue virus type 2,Orthoflavivirus denguei,,PREDICT_BDAH1071,232,partial,Bangladesh,Bangladesh,Homo sapiens,blood,,2018-10-06,2022-05-29,ssRNA(+),DENV-2
MT125047,dengue virus type 2,Orthoflavivirus denguei,,PREDICT_BDAH1075,232,partial,Bangladesh,Bangladesh,Homo sapiens,blood,,2018-10-08,2022-05-29,ssRNA(+),DENV-2
MT125048,dengue virus type 2,Orthoflavivirus denguei,,PREDICT_BDAH1127,208,partial,Bangladesh,Bangladesh,Homo sapiens,blood,,2018-11-06,2022-05-29,ssRNA(+),DENV-2
MT125049,dengue virus type 2,Orthoflavivirus denguei,,PREDICT_BDAH1002,232,partial,Bangladesh,Bangladesh,Homo sapiens,blood,,2018-08-16,2022-05-29,ssRNA(+),DENV-2
MT125050,dengue virus type 2,Orthoflavivirus denguei,,PREDICT_BDAH1006,232,partial,Bangladesh,Bangladesh,Homo sapiens,blood,,2018-08-27,2022-05-29,ssRNA(+),DENV-2
MT125051,dengue virus type 2,Orthoflavivirus denguei,,PREDICT_BDAH0687,232,partial,Bangladesh,Bangladesh,Homo sapiens,blood,,2018-08-07,2022-05-29,ssRNA(+),DENV-2
MW599419,Dengue virus type 2,Orthoflavivirus denguei,2,Dhaka04,453,partial,Bangladesh,Bangladesh,Homo sapiens,blood,"Aung,M.S., Titir,S.R., Paul,S.K., Kobayashi,N.",2019-08-15,2021-02-19,ssRNA(+),DENV-2
LC436669,Dengue virus type 2,Orthoflavivirus denguei,2,B17-1357,10671,complete,Bangladesh,Bangladesh,Homo sapiens,,"Suzuki,K., Phadungsombat,J., Nakayama,E.E., Saito,A., Egawa,A., Sato,T., Rahim,R., Hasan,A., Lin,M.Y., Takasaki,T., Rahman,M., Shioda,T.",2017-10,2020-06-03,ssRNA(+),DENV-2
LC436670,Dengue virus type 2,Orthoflavivirus denguei,2,B17-1431,10671,complete,Bangladesh,Bangladesh,Homo sapiens,,"Suzuki,K., Phadungsombat,J., Nakayama,E.E., Saito,A., Egawa,A., Sato,T., Rahim,R., Hasan,A., Lin,M.Y., Takasaki,T., Rahman,M., Shioda,T.",2017-10,2020-06-03,ssRNA(+),DENV-2
LC436671,Dengue virus type 2,Orthoflavivirus denguei,2,B17-1482,10671,complete,Bangladesh,Bangladesh,Homo sapiens,,"Suzuki,K., Phadungsombat,J., Nakayama,E.E., Saito,A., Egawa,A., Sato,T., Rahim,R., Hasan,A., Lin,M.Y., Takasaki,T., Rahman,M., Shioda,T.",2017-10,2020-06-03,ssRNA(+),DENV-2
LC436672,Dengue virus type 2,Orthoflavivirus denguei,2,B17-1489,10671,complete,Bangladesh,Bangladesh,Homo sapiens,,"Suzuki,K., Phadungsombat,J., Nakayama,E.E., Saito,A., Egawa,A., Sato,T., Rahim,R., Hasan,A., Lin,M.Y., Takasaki,T., Rahman,M., Shioda,T.",2017-10,2020-06-03,ssRNA(+),DENV-2
LC436673,Dengue virus type 2,Orthoflavivirus denguei,2,B17-1556,10671,complete,Bangladesh,Bangladesh,Homo sapiens,,"Suzuki,K., Phadungsombat,J., Nakayama,E.E., Saito,A., Egawa,A., Sato,T., Rahim,R., Hasan,A., Lin,M.Y., Takasaki,T., Rahman,M., Shioda,T.",2017-11,2020-06-03,ssRNA(+),DENV-2
LC436674,Dengue virus type 2,Orthoflavivirus denguei,2,B17-1571,10671,complete,Bangladesh,Bangladesh,Homo sapiens,,"Suzuki,K., Phadungsombat,J., Nakayama,E.E., Saito,A., Egawa,A., Sato,T., Rahim,R., Hasan,A., Lin,M.Y., Takasaki,T., Rahman,M., Shioda,T.",2017-11,2020-06-03,ssRNA(+),DENV-2
LC436675,Dengue virus type 2,Orthoflavivirus denguei,2,B17-1634,10671,complete,Bangladesh,Bangladesh,Homo sapiens,,"Suzuki,K., Phadungsombat,J., Nakayama,E.E., Saito,A., Egawa,A., Sato,T., Rahim,R., Hasan,A., Lin,M.Y., Takasaki,T., Rahman,M., Shioda,T.",2017-12,2020-06-03,ssRNA(+),DENV-2
MN328061,Dengue virus type 2,Orthoflavivirus denguei,2,CHRF_DenV002,10699,partial,Bangladesh,Bangladesh,Homo sapiens,blood,"Saha,S., Malaker,R., Sajib,M.S.I., Hasanuzzaman,M., DeRisi,J.L., Saha,S.K.",2019-07-29,2019-10-02,ssRNA(+),DENV-2
MN400313,Dengue virus type 2,Orthoflavivirus denguei,2,MMC14,437,partial,Bangladesh,Bangladesh,Homo sapiens,blood,"Aung,M.S., Ahmed,F.U., Paul,S.K., Kobayashi,N.",2018-10-06,2019-10-02,ssRNA(+),DENV-2
MN400314,Dengue virus type 2,Orthoflavivirus denguei,2,MMC17,437,partial,Bangladesh,Bangladesh,Homo sapiens,blood,"Aung,M.S., Ahmed,F.U., Paul,S.K., Kobayashi,N.",2018-09-20,2019-10-02,ssRNA(+),DENV-2
MN400315,Dengue virus type 2,Orthoflavivirus denguei,2,MMC18,443,partial,Bangladesh,Bangladesh,Homo sapiens,blood,"Aung,M.S., Ahmed,F.U., Paul,S.K., Kobayashi,N.",2018-09-15,2019-10-02,ssRNA(+),DENV-2
MN400316,Dengue virus type 2,Orthoflavivirus denguei,2,MMC23,443,partial,Bangladesh,Bangladesh,Homo sapiens,blood,"Aung,M.S., Ahmed,F.U., Paul,S.K., Kobayashi,N.",2018-09-15,2019-10-02,ssRNA(+),DENV-2
MN400317,Dengue virus type 2,Orthoflavivirus denguei,2,MMC24,443,partial,Bangladesh,Bangladesh,Homo sapiens,blood,"Aung,M.S., Ahmed,F.U., Paul,S.K., Kobayashi,N.",2018-09-30,2019-10-02,ssRNA(+),DENV-2
MN400318,Dengue virus type 2,Orthoflavivirus denguei,2,MMC25,443,partial,Bangladesh,Bangladesh,Homo sapiens,blood,"Aung,M.S., Ahmed,F.U., Paul,S.K., Kobayashi,N.",2018-09-29,2019-10-02,ssRNA(+),DENV-2
MN400319,Dengue virus type 2,Orthoflavivirus denguei,2,MMC27,443,partial,Bangladesh,Bangladesh,Homo sapiens,blood,"Aung,M.S., Ahmed,F.U., Paul,S.K., Kobayashi,N.",2018-10-01,2019-10-02,ssRNA(+),DENV-2
MN400320,Dengue virus type 2,Orthoflavivirus denguei,2,MMC28,443,partial,Bangladesh,Bangladesh,Homo sapiens,blood,"Aung,M.S., Ahmed,F.U., Paul,S.K., Kobayashi,N.",2018-10-05,2019-10-02,ssRNA(+),DENV-2
MN400321,Dengue virus type 2,Orthoflavivirus denguei,2,MMC29,443,partial,Bangladesh,Bangladesh,Homo sapiens,blood,"Aung,M.S., Ahmed,F.U., Paul,S.K., Kobayashi,N.",2018-10-03,2019-10-02,ssRNA(+),DENV-2
MN400322,Dengue virus type 2,Orthoflavivirus denguei,2,MMC31,455,partial,Bangladesh,Bangladesh,Homo sapiens,blood,"Aung,M.S., Ahmed,F.U., Paul,S.K., Kobayashi,N.",2018-09-02,2019-10-02,ssRNA(+),DENV-2
MN400323,Dengue virus type 2,Orthoflavivirus denguei,2,MMC32,440,partial,Bangladesh,Bangladesh,Homo sapiens,blood,"Aung,M.S., Ahmed,F.U., Paul,S.K., Kobayashi,N.",2018-09-03,2019-10-02,ssRNA(+),DENV-2
MN400324,Dengue virus type 2,Orthoflavivirus denguei,2,MMC34,440,partial,Bangladesh,Bangladesh,Homo sapiens,blood,"Aung,M.S., Ahmed,F.U., Paul,S.K., Kobayashi,N.",2018-09-05,2019-10-02,ssRNA(+),DENV-2
MN400325,Dengue virus type 2,Orthoflavivirus denguei,2,MMC37,455,partial,Bangladesh,Bangladesh,Homo sapiens,blood,"Aung,M.S., Ahmed,F.U., Paul,S.K., Kobayashi,N.",2018-10-15,2019-10-02,ssRNA(+),DENV-2
LC472313,Dengue virus type 2,Orthoflavivirus denguei,2,2n-S1565,1056,partial,Bangladesh,Bangladesh,Homo sapiens,,"Suzuki,K., Nakayama,E.E., Saito,A., Egawa,A., Sato,T., Phadunsambat,J., Rahim,R., Hasan,A., Iwamoto,H., Rahman,M., Shioda,T., Nakayama,E.",2017,2019-08-20,ssRNA(+),DENV-2
LC472314,Dengue virus type 2,Orthoflavivirus denguei,2,4n-S1489,1056,partial,Bangladesh,Bangladesh,Homo sapiens,,"Suzuki,K., Nakayama,E.E., Saito,A., Egawa,A., Sato,T., Phadunsambat,J., Rahim,R., Hasan,A., Iwamoto,H., Rahman,M., Shioda,T., Nakayama,E.",2017,2019-08-20,ssRNA(+),DENV-2
LC472315,Dengue virus type 2,Orthoflavivirus denguei,2,5n-S1473,1056,partial,Bangladesh,Bangladesh,Homo sapiens,,"Suzuki,K., Nakayama,E.E., Saito,A., Egawa,A., Sato,T., Phadunsambat,J., Rahim,R., Hasan,A., Iwamoto,H., Rahman,M., Shioda,T., Nakayama,E.",2017,2019-08-20,ssRNA(+),DENV-2
LC472316,Dengue virus type 2,Orthoflavivirus denguei,2,8n-S1357,1056,partial,Bangladesh,Bangladesh,Homo sapiens,,"Suzuki,K., Nakayama,E.E., Saito,A., Egawa,A., Sato,T., Phadunsambat,J., Rahim,R., Hasan,A., Iwamoto,H., Rahman,M., Shioda,T., Nakayama,E.",2017,2019-08-20,ssRNA(+),DENV-2
LC472317,Dengue virus type 2,Orthoflavivirus denguei,2,10n-S1634,1056,partial,Bangladesh,Bangladesh,Homo sapiens,,"Suzuki,K., Nakayama,E.E., Saito,A., Egawa,A., Sato,T., Phadunsambat,J., Rahim,R., Hasan,A., Iwamoto,H., Rahman,M., Shioda,T., Nakayama,E.",2017,2019-08-20,ssRNA(+),DENV-2
LC472318,Dengue virus type 2,Orthoflavivirus denguei,2,11n-S1571,1056,partial,Bangladesh,Bangladesh,Homo sapiens,,"Suzuki,K., Nakayama,E.E., Saito,A., Egawa,A., Sato,T., Phadunsambat,J., Rahim,R., Hasan,A., Iwamoto,H., Rahman,M., Shioda,T., Nakayama,E.",2017,2019-08-20,ssRNA(+),DENV-2
LC472319,Dengue virus type 2,Orthoflavivirus denguei,2,12n-S1556,1056,partial,Bangladesh,Bangladesh,Homo sapiens,,"Suzuki,K., Nakayama,E.E., Saito,A., Egawa,A., Sato,T., Phadunsambat,J., Rahim,R., Hasan,A., Iwamoto,H., Rahman,M., Shioda,T., Nakayama,E.",2017,2019-08-20,ssRNA(+),DENV-2
LC472320,Dengue virus type 2,Orthoflavivirus denguei,2,13n-S1496,1056,partial,Bangladesh,Bangladesh,Homo sapiens,,"Suzuki,K., Nakayama,E.E., Saito,A., Egawa,A., Sato,T., Phadunsambat,J., Rahim,R., Hasan,A., Iwamoto,H., Rahman,M., Shioda,T., Nakayama,E.",2017,2019-08-20,ssRNA(+),DENV-2
LC472321,Dengue virus type 2,Orthoflavivirus denguei,2,14n-S1482,1056,partial,Bangladesh,Bangladesh,Homo sapiens,,"Suzuki,K., Nakayama,E.E., Saito,A., Egawa,A., Sato,T., Phadunsambat,J., Rahim,R., Hasan,A., Iwamoto,H., Rahman,M., Shioda,T., Nakayama,E.",2017,2019-08-20,ssRNA(+),DENV-2
LC472322,Dengue virus type 2,Orthoflavivirus denguei,2,15n-S1449,1056,partial,Bangladesh,Bangladesh,Homo sapiens,,"Suzuki,K., Nakayama,E.E., Saito,A., Egawa,A., Sato,T., Phadunsambat,J., Rahim,R., Hasan,A., Iwamoto,H., Rahman,M., Shioda,T., Nakayama,E.",2017,2019-08-20,ssRNA(+),DENV-2
LC472323,Dengue virus type 2,Orthoflavivirus denguei,2,16n-S1431,1056,partial,Bangladesh,Bangladesh,Homo sapiens,,"Suzuki,K., Nakayama,E.E., Saito,A., Egawa,A., Sato,T., Phadunsambat,J., Rahim,R., Hasan,A., Iwamoto,H., Rahman,M., Shioda,T., Nakayama,E.",2017,2019-08-20,ssRNA(+),DENV-2
LC472324,Dengue virus type 2,Orthoflavivirus denguei,2,25n-S882,1056,partial,Bangladesh,Bangladesh,Homo sapiens,,"Suzuki,K., Nakayama,E.E., Saito,A., Egawa,A., Sato,T., Phadunsambat,J., Rahim,R., Hasan,A., Iwamoto,H., Rahman,M., Shioda,T., Nakayama,E.",2017,2019-08-20,ssRNA(+),DENV-2
LC472325,Dengue virus type 2,Orthoflavivirus denguei,2,26n-S892,1056,partial,Bangladesh,Bangladesh,Homo sapiens,,"Suzuki,K., Nakayama,E.E., Saito,A., Egawa,A., Sato,T., Phadunsambat,J., Rahim,R., Hasan,A., Iwamoto,H., Rahman,M., Shioda,T., Nakayama,E.",2017,2019-08-20,ssRNA(+),DENV-2
LC472326,Dengue virus type 2,Orthoflavivirus denguei,2,27n-S919,1056,partial,Bangladesh,Bangladesh,Homo sapiens,,"Suzuki,K., Nakayama,E.E., Saito,A., Egawa,A., Sato,T., Phadunsambat,J., Rahim,R., Hasan,A., Iwamoto,H., Rahman,M., Shioda,T., Nakayama,E.",2017,2019-08-20,ssRNA(+),DENV-2
LC472327,Dengue virus type 2,Orthoflavivirus denguei,2,28n-S931,1056,partial,Bangladesh,Bangladesh,Homo sapiens,,"Suzuki,K., Nakayama,E.E., Saito,A., Egawa,A., Sato,T., Phadunsambat,J., Rahim,R., Hasan,A., Iwamoto,H., Rahman,M., Shioda,T., Nakayama,E.",2017,2019-08-20,ssRNA(+),DENV-2
LC472328,Dengue virus type 2,Orthoflavivirus denguei,2,29n-S939,1056,partial,Bangladesh,Bangladesh,Homo sapiens,,"Suzuki,K., Nakayama,E.E., Saito,A., Egawa,A., Sato,T., Phadunsambat,J., Rahim,R., Hasan,A., Iwamoto,H., Rahman,M., Shioda,T., Nakayama,E.",2017,2019-08-20,ssRNA(+),DENV-2
LC472329,Dengue virus type 2,Orthoflavivirus denguei,2,30n-S942,1056,partial,Bangladesh,Bangladesh,Homo sapiens,,"Suzuki,K., Nakayama,E.E., Saito,A., Egawa,A., Sato,T., Phadunsambat,J., Rahim,R., Hasan,A., Iwamoto,H., Rahman,M., Shioda,T., Nakayama,E.",2017,2019-08-20,ssRNA(+),DENV-2
LC472330,Dengue virus type 2,Orthoflavivirus denguei,2,32n-S965,1056,partial,Bangladesh,Bangladesh,Homo sapiens,,"Suzuki,K., Nakayama,E.E., Saito,A., Egawa,A., Sato,T., Phadunsambat,J., Rahim,R., Hasan,A., Iwamoto,H., Rahman,M., Shioda,T., Nakayama,E.",2017,2019-08-20,ssRNA(+),DENV-2
LC472331,Dengue virus type 2,Orthoflavivirus denguei,2,34n-S1002,1056,partial,Bangladesh,Bangladesh,Homo sapiens,,"Suzuki,K., Nakayama,E.E., Saito,A., Egawa,A., Sato,T., Phadunsambat,J., Rahim,R., Hasan,A., Iwamoto,H., Rahman,M., Shioda,T., Nakayama,E.",2017,2019-08-20,ssRNA(+),DENV-2
LC472332,Dengue virus type 2,Orthoflavivirus denguei,2,35n-S1003,1056,partial,Bangladesh,Bangladesh,Homo sapiens,,"Suzuki,K., Nakayama,E.E., Saito,A., Egawa,A., Sato,T., Phadunsambat,J., Rahim,R., Hasan,A., Iwamoto,H., Rahman,M., Shioda,T., Nakayama,E.",2017,2019-08-20,ssRNA(+),DENV-2
LC472333,Dengue virus type 2,Orthoflavivirus denguei,2,36n-S1004,1056,partial,Bangladesh,Bangladesh,Homo sapiens,,"Suzuki,K., Nakayama,E.E., Saito,A., Egawa,A., Sato,T., Phadunsambat,J., Rahim,R., Hasan,A., Iwamoto,H., Rahman,M., Shioda,T., Nakayama,E.",2017,2019-08-20,ssRNA(+),DENV-2
LC472334,Dengue virus type 2,Orthoflavivirus denguei,2,37n-S1021,1056,partial,Bangladesh,Bangladesh,Homo sapiens,,"Suzuki,K., Nakayama,E.E., Saito,A., Egawa,A., Sato,T., Phadunsambat,J., Rahim,R., Hasan,A., Iwamoto,H., Rahman,M., Shioda,T., Nakayama,E.",2017,2019-08-20,ssRNA(+),DENV-2
LC472335,Dengue virus type 2,Orthoflavivirus denguei,2,38n-S1022,1056,partial,Bangladesh,Bangladesh,Homo sapiens,,"Suzuki,K., Nakayama,E.E., Saito,A., Egawa,A., Sato,T., Phadunsambat,J., Rahim,R., Hasan,A., Iwamoto,H., Rahman,M., Shioda,T., Nakayama,E.",2017,2019-08-20,ssRNA(+),DENV-2
LC472336,Dengue virus type 2,Orthoflavivirus denguei,2,39n-S1029,1056,partial,Bangladesh,Bangladesh,Homo sapiens,,"Suzuki,K., Nakayama,E.E., Saito,A., Egawa,A., Sato,T., Phadunsambat,J., Rahim,R., Hasan,A., Iwamoto,H., Rahman,M., Shioda,T., Nakayama,E.",2017,2019-08-20,ssRNA(+),DENV-2
LC472337,Dengue virus type 2,Orthoflavivirus denguei,2,49n-S1048,1056,partial,Bangladesh,Bangladesh,Homo sapiens,,"Suzuki,K., Nakayama,E.E., Saito,A., Egawa,A., Sato,T., Phadunsambat,J., Rahim,R., Hasan,A., Iwamoto,H., Rahman,M., Shioda,T., Nakayama,E.",2017,2019-08-20,ssRNA(+),DENV-2
LC472338,Dengue virus type 2,Orthoflavivirus denguei,2,51n-S1056,1056,partial,Bangladesh,Bangladesh,Homo sapiens,,"Suzuki,K., Nakayama,E.E., Saito,A., Egawa,A., Sato,T., Phadunsambat,J., Rahim,R., Hasan,A., Iwamoto,H., Rahman,M., Shioda,T., Nakayama,E.",2017,2019-08-20,ssRNA(+),DENV-2
LC472339,Dengue virus type 2,Orthoflavivirus denguei,2,52n-S1057,1056,partial,Bangladesh,Bangladesh,Homo sapiens,,"Suzuki,K., Nakayama,E.E., Saito,A., Egawa,A., Sato,T., Phadunsambat,J., Rahim,R., Hasan,A., Iwamoto,H., Rahman,M., Shioda,T., Nakayama,E.",2017,2019-08-20,ssRNA(+),DENV-2
LC472340,Dengue virus type 2,Orthoflavivirus denguei,2,53n-S1058,1056,partial,Bangladesh,Bangladesh,Homo sapiens,,"Suzuki,K., Nakayama,E.E., Saito,A., Egawa,A., Sato,T., Phadunsambat,J., Rahim,R., Hasan,A., Iwamoto,H., Rahman,M., Shioda,T., Nakayama,E.",2017,2019-08-20,ssRNA(+),DENV-2
LC472341,Dengue virus type 2,Orthoflavivirus denguei,2,54n-S1060,1056,partial,Bangladesh,Bangladesh,Homo sapiens,,"Suzuki,K., Nakayama,E.E., Saito,A., Egawa,A., Sato,T., Phadunsambat,J., Rahim,R., Hasan,A., Iwamoto,H., Rahman,M., Shioda,T., Nakayama,E.",2017,2019-08-20,ssRNA(+),DENV-2
LC472342,Dengue virus type 2,Orthoflavivirus denguei,2,55n-S1092,1056,partial,Bangladesh,Bangladesh,Homo sapiens,,"Suzuki,K., Nakayama,E.E., Saito,A., Egawa,A., Sato,T., Phadunsambat,J., Rahim,R., Hasan,A., Iwamoto,H., Rahman,M., Shioda,T., Nakayama,E.",2017,2019-08-20,ssRNA(+),DENV-2
LC472343,Dengue virus type 2,Orthoflavivirus denguei,2,56n-S1105,1056,partial,Bangladesh,Bangladesh,Homo sapiens,,"Suzuki,K., Nakayama,E.E., Saito,A., Egawa,A., Sato,T., Phadunsambat,J., Rahim,R., Hasan,A., Iwamoto,H., Rahman,M., Shioda,T., Nakayama,E.",2017,2019-08-20,ssRNA(+),DENV-2
LC472344,Dengue virus type 2,Orthoflavivirus denguei,2,57n-S1108,1056,partial,Bangladesh,Bangladesh,Homo sapiens,,"Suzuki,K., Nakayama,E.E., Saito,A., Egawa,A., Sato,T., Phadunsambat,J., Rahim,R., Hasan,A., Iwamoto,H., Rahman,M., Shioda,T., Nakayama,E.",2017,2019-08-20,ssRNA(+),DENV-2
LC472345,Dengue virus type 2,Orthoflavivirus denguei,2,59n-S1110,1056,partial,Bangladesh,Bangladesh,Homo sapiens,,"Suzuki,K., Nakayama,E.E., Saito,A., Egawa,A., Sato,T., Phadunsambat,J., Rahim,R., Hasan,A., Iwamoto,H., Rahman,M., Shioda,T., Nakayama,E.",2017,2019-08-20,ssRNA(+),DENV-2
LC472346,Dengue virus type 2,Orthoflavivirus denguei,2,61n-S1114,1056,partial,Bangladesh,Bangladesh,Homo sapiens,,"Suzuki,K., Nakayama,E.E., Saito,A., Egawa,A., Sato,T., Phadunsambat,J., Rahim,R., Hasan,A., Iwamoto,H., Rahman,M., Shioda,T., Nakayama,E.",2017,2019-08-20,ssRNA(+),DENV-2
LC472347,Dengue virus type 2,Orthoflavivirus denguei,2,62n-S1116,1056,partial,Bangladesh,Bangladesh,Homo sapiens,,"Suzuki,K., Nakayama,E.E., Saito,A., Egawa,A., Sato,T., Phadunsambat,J., Rahim,R., Hasan,A., Iwamoto,H., Rahman,M., Shioda,T., Nakayama,E.",2017,2019-08-20,ssRNA(+),DENV-2
LC472348,Dengue virus type 2,Orthoflavivirus denguei,2,63n-S1118,1056,partial,Bangladesh,Bangladesh,Homo sapiens,,"Suzuki,K., Nakayama,E.E., Saito,A., Egawa,A., Sato,T., Phadunsambat,J., Rahim,R., Hasan,A., Iwamoto,H., Rahman,M., Shioda,T., Nakayama,E.",2017,2019-08-20,ssRNA(+),DENV-2
LC472349,Dengue virus type 2,Orthoflavivirus denguei,2,64n-S1136,1056,partial,Bangladesh,Bangladesh,Homo sapiens,,"Suzuki,K., Nakayama,E.E., Saito,A., Egawa,A., Sato,T., Phadunsambat,J., Rahim,R., Hasan,A., Iwamoto,H., Rahman,M., Shioda,T., Nakayama,E.",2017,2019-08-20,ssRNA(+),DENV-2
LC472350,Dengue virus type 2,Orthoflavivirus denguei,2,65n-S1186,1056,partial,Bangladesh,Bangladesh,Homo sapiens,,"Suzuki,K., Nakayama,E.E., Saito,A., Egawa,A., Sato,T., Phadunsambat,J., Rahim,R., Hasan,A., Iwamoto,H., Rahman,M., Shioda,T., Nakayama,E.",2017,2019-08-20,ssRNA(+),DENV-2
LC472351,Dengue virus type 2,Orthoflavivirus denguei,2,66n-S1214,1056,partial,Bangladesh,Bangladesh,Homo sapiens,,"Suzuki,K., Nakayama,E.E., Saito,A., Egawa,A., Sato,T., Phadunsambat,J., Rahim,R., Hasan,A., Iwamoto,H., Rahman,M., Shioda,T., Nakayama,E.",2017,2019-08-20,ssRNA(+),DENV-2
LC472352,Dengue virus type 2,Orthoflavivirus denguei,2,67n-S1218,1056,partial,Bangladesh,Bangladesh,Homo sapiens,,"Suzuki,K., Nakayama,E.E., Saito,A., Egawa,A., Sato,T., Phadunsambat,J., Rahim,R., Hasan,A., Iwamoto,H., Rahman,M., Shioda,T., Nakayama,E.",2017,2019-08-20,ssRNA(+),DENV-2
LC472353,Dengue virus type 2,Orthoflavivirus denguei,2,68n-S1224,1056,partial,Bangladesh,Bangladesh,Homo sapiens,,"Suzuki,K., Nakayama,E.E., Saito,A., Egawa,A., Sato,T., Phadunsambat,J., Rahim,R., Hasan,A., Iwamoto,H., Rahman,M., Shioda,T., Nakayama,E.",2017,2019-08-20,ssRNA(+),DENV-2
LC472354,Dengue virus type 2,Orthoflavivirus denguei,2,69n-S1257,1056,partial,Bangladesh,Bangladesh,Homo sapiens,,"Suzuki,K., Nakayama,E.E., Saito,A., Egawa,A., Sato,T., Phadunsambat,J., Rahim,R., Hasan,A., Iwamoto,H., Rahman,M., Shioda,T., Nakayama,E.",2017,2019-08-20,ssRNA(+),DENV-2
LC472355,Dengue virus type 2,Orthoflavivirus denguei,2,70n-S1285,1056,partial,Bangladesh,Bangladesh,Homo sapiens,,"Suzuki,K., Nakayama,E.E., Saito,A., Egawa,A., Sato,T., Phadunsambat,J., Rahim,R., Hasan,A., Iwamoto,H., Rahman,M., Shioda,T., Nakayama,E.",2017,2019-08-20,ssRNA(+),DENV-2
LC472356,Dengue virus type 2,Orthoflavivirus denguei,2,73n-S1353,1056,partial,Bangladesh,Bangladesh,Homo sapiens,,"Suzuki,K., Nakayama,E.E., Saito,A., Egawa,A., Sato,T., Phadunsambat,J., Rahim,R., Hasan,A., Iwamoto,H., Rahman,M., Shioda,T., Nakayama,E.",2017,2019-08-20,ssRNA(+),DENV-2
LC472357,Dengue virus type 2,Orthoflavivirus denguei,2,74n-S1365,1056,partial,Bangladesh,Bangladesh,Homo sapiens,,"Suzuki,K., Nakayama,E.E., Saito,A., Egawa,A., Sato,T., Phadunsambat,J., Rahim,R., Hasan,A., Iwamoto,H., Rahman,M., Shioda,T., Nakayama,E.",2017,2019-08-20,ssRNA(+),DENV-2
LC472358,Dengue virus type 2,Orthoflavivirus denguei,2,75n-S1450,1056,partial,Bangladesh,Bangladesh,Homo sapiens,,"Suzuki,K., Nakayama,E.E., Saito,A., Egawa,A., Sato,T., Phadunsambat,J., Rahim,R., Hasan,A., Iwamoto,H., Rahman,M., Shioda,T., Nakayama,E.",2017,2019-08-20,ssRNA(+),DENV-2
LC472359,Dengue virus type 2,Orthoflavivirus denguei,2,76n-S1496,1056,partial,Bangladesh,Bangladesh,Homo sapiens,,"Suzuki,K., Nakayama,E.E., Saito,A., Egawa,A., Sato,T., Phadunsambat,J., Rahim,R., Hasan,A., Iwamoto,H., Rahman,M., Shioda,T., Nakayama,E.",2017,2019-08-20,ssRNA(+),DENV-2
LC472360,Dengue virus type 2,Orthoflavivirus denguei,2,77n-S1541,1056,partial,Bangladesh,Bangladesh,Homo sapiens,,"Suzuki,K., Nakayama,E.E., Saito,A., Egawa,A., Sato,T., Phadunsambat,J., Rahim,R., Hasan,A., Iwamoto,H., Rahman,M., Shioda,T., Nakayama,E.",2017,2019-08-20,ssRNA(+),DENV-2
LC472361,Dengue virus type 2,Orthoflavivirus denguei,2,78n-S1570,1056,partial,Bangladesh,Bangladesh,Homo sapiens,,"Suzuki,K., Nakayama,E.E., Saito,A., Egawa,A., Sato,T., Phadunsambat,J., Rahim,R., Hasan,A., Iwamoto,H., Rahman,M., Shioda,T., Nakayama,E.",2017,2019-08-20,ssRNA(+),DENV-2
LC472362,Dengue virus type 2,Orthoflavivirus denguei,2,79n-S1622,1056,partial,Bangladesh,Bangladesh,Homo sapiens,,"Suzuki,K., Nakayama,E.E., Saito,A., Egawa,A., Sato,T., Phadunsambat,J., Rahim,R., Hasan,A., Iwamoto,H., Rahman,M., Shioda,T., Nakayama,E.",2017,2019-08-20,ssRNA(+),DENV-2
LC472363,Dengue virus type 2,Orthoflavivirus denguei,2,80n-S1635,1056,partial,Bangladesh,Bangladesh,Homo sapiens,,"Suzuki,K., Nakayama,E.E., Saito,A., Egawa,A., Sato,T., Phadunsambat,J., Rahim,R., Hasan,A., Iwamoto,H., Rahman,M., Shioda,T., Nakayama,E.",2017,2019-08-20,ssRNA(+),DENV-2
LC436613,Dengue virus type 2,Orthoflavivirus denguei,,8e-S1357,1485,partial,Bangladesh,Bangladesh,Homo sapiens,blood,"Suzuki,K., Phadungsombat,J., Nakayama,E.E., Saito,A., Egawa,A., Sato,T., Rahim,R., Hasan,A., Lin,M.Y., Takasaki,T., Rahman,M., Shioda,T.",2017-10,2019-08-09,ssRNA(+),DENV-2
LC436614,Dengue virus type 2,Orthoflavivirus denguei,,10e-S1634,1485,partial,Bangladesh,Bangladesh,Homo sapiens,blood,"Suzuki,K., Phadungsombat,J., Nakayama,E.E., Saito,A., Egawa,A., Sato,T., Rahim,R., Hasan,A., Lin,M.Y., Takasaki,T., Rahman,M., Shioda,T.",2017-12,2019-08-09,ssRNA(+),DENV-2
LC436615,Dengue virus type 2,Orthoflavivirus denguei,,11e-S1571,1485,partial,Bangladesh,Bangladesh,Homo sapiens,blood,"Suzuki,K., Phadungsombat,J., Nakayama,E.E., Saito,A., Egawa,A., Sato,T., Rahim,R., Hasan,A., Lin,M.Y., Takasaki,T., Rahman,M., Shioda,T.",2017-11,2019-08-09,ssRNA(+),DENV-2
LC436616,Dengue virus type 2,Orthoflavivirus denguei,,12e-S1556,1485,partial,Bangladesh,Bangladesh,Homo sapiens,blood,"Suzuki,K., Phadungsombat,J., Nakayama,E.E., Saito,A., Egawa,A., Sato,T., Rahim,R., Hasan,A., Lin,M.Y., Takasaki,T., Rahman,M., Shioda,T.",2017-11,2019-08-09,ssRNA(+),DENV-2
LC436617,Dengue virus type 2,Orthoflavivirus denguei,,13e-S1496,1485,partial,Bangladesh,Bangladesh,Homo sapiens,blood,"Suzuki,K., Phadungsombat,J., Nakayama,E.E., Saito,A., Egawa,A., Sato,T., Rahim,R., Hasan,A., Lin,M.Y., Takasaki,T., Rahman,M., Shioda,T.",2017-11,2019-08-09,ssRNA(+),DENV-2
LC436618,Dengue virus type 2,Orthoflavivirus denguei,,14e-S1482,1485,partial,Bangladesh,Bangladesh,Homo sapiens,blood,"Suzuki,K., Phadungsombat,J., Nakayama,E.E., Saito,A., Egawa,A., Sato,T., Rahim,R., Hasan,A., Lin,M.Y., Takasaki,T., Rahman,M., Shioda,T.",2017-10,2019-08-09,ssRNA(+),DENV-2
LC436619,Dengue virus type 2,Orthoflavivirus denguei,,16e-S1431,1485,partial,Bangladesh,Bangladesh,Homo sapiens,blood,"Suzuki,K., Phadungsombat,J., Nakayama,E.E., Saito,A., Egawa,A., Sato,T., Rahim,R., Hasan,A., Lin,M.Y., Takasaki,T., Rahman,M., Shioda,T.",2017-10,2019-08-09,ssRNA(+),DENV-2
LC436620,Dengue virus type 2,Orthoflavivirus denguei,,4e-S1489,1485,partial,Bangladesh,Bangladesh,Homo sapiens,blood,"Suzuki,K., Phadungsombat,J., Nakayama,E.E., Saito,A., Egawa,A., Sato,T., Rahim,R., Hasan,A., Lin,M.Y., Takasaki,T., Rahman,M., Shioda,T.",2017-10,2019-08-09,ssRNA(+),DENV-2
LC436621,Dengue virus type 2,Orthoflavivirus denguei,,25e-S882,1485,partial,Bangladesh,Bangladesh,Homo sapiens,blood,"Suzuki,K., Phadungsombat,J., Nakayama,E.E., Saito,A., Egawa,A., Sato,T., Rahim,R., Hasan,A., Lin,M.Y., Takasaki,T., Rahman,M., Shioda,T.",2017-08,2019-08-09,ssRNA(+),DENV-2
LC436622,Dengue virus type 2,Orthoflavivirus denguei,,26e-S892,1485,partial,Bangladesh,Bangladesh,Homo sapiens,blood,"Suzuki,K., Phadungsombat,J., Nakayama,E.E., Saito,A., Egawa,A., Sato,T., Rahim,R., Hasan,A., Lin,M.Y., Takasaki,T., Rahman,M., Shioda,T.",2017-08,2019-08-09,ssRNA(+),DENV-2
LC436623,Dengue virus type 2,Orthoflavivirus denguei,,27e-S919,1485,partial,Bangladesh,Bangladesh,Homo sapiens,blood,"Suzuki,K., Phadungsombat,J., Nakayama,E.E., Saito,A., Egawa,A., Sato,T., Rahim,R., Hasan,A., Lin,M.Y., Takasaki,T., Rahman,M., Shioda,T.",2017-08,2019-08-09,ssRNA(+),DENV-2
LC436624,Dengue virus type 2,Orthoflavivirus denguei,,28e-S931,1485,partial,Bangladesh,Bangladesh,Homo sapiens,blood,"Suzuki,K., Phadungsombat,J., Nakayama,E.E., Saito,A., Egawa,A., Sato,T., Rahim,R., Hasan,A., Lin,M.Y., Takasaki,T., Rahman,M., Shioda,T.",2017-08,2019-08-09,ssRNA(+),DENV-2
LC436625,Dengue virus type 2,Orthoflavivirus denguei,,29e-S939,1485,partial,Bangladesh,Bangladesh,Homo sapiens,blood,"Suzuki,K., Phadungsombat,J., Nakayama,E.E., Saito,A., Egawa,A., Sato,T., Rahim,R., Hasan,A., Lin,M.Y., Takasaki,T., Rahman,M., Shioda,T.",2017-08,2019-08-09,ssRNA(+),DENV-2
LC436626,Dengue virus type 2,Orthoflavivirus denguei,,30e-S942,1485,partial,Bangladesh,Bangladesh,Homo sapiens,blood,"Suzuki,K., Phadungsombat,J., Nakayama,E.E., Saito,A., Egawa,A., Sato,T., Rahim,R., Hasan,A., Lin,M.Y., Takasaki,T., Rahman,M., Shioda,T.",2017-08,2019-08-09,ssRNA(+),DENV-2
LC436627,Dengue virus type 2,Orthoflavivirus denguei,,31e-S954,1485,partial,Bangladesh,Bangladesh,Homo sapiens,blood,"Suzuki,K., Phadungsombat,J., Nakayama,E.E., Saito,A., Egawa,A., Sato,T., Rahim,R., Hasan,A., Lin,M.Y., Takasaki,T., Rahman,M., Shioda,T.",2017-09,2019-08-09,ssRNA(+),DENV-2
LC436628,Dengue virus type 2,Orthoflavivirus denguei,,32e-S965,1485,partial,Bangladesh,Bangladesh,Homo sapiens,blood,"Suzuki,K., Phadungsombat,J., Nakayama,E.E., Saito,A., Egawa,A., Sato,T., Rahim,R., Hasan,A., Lin,M.Y., Takasaki,T., Rahman,M., Shioda,T.",2017-09,2019-08-09,ssRNA(+),DENV-2
LC436629,Dengue virus type 2,Orthoflavivirus denguei,,35e-S1003,1485,partial,Bangladesh,Bangladesh,Homo sapiens,blood,"Suzuki,K., Phadungsombat,J., Nakayama,E.E., Saito,A., Egawa,A., Sato,T., Rahim,R., Hasan,A., Lin,M.Y., Takasaki,T., Rahman,M., Shioda,T.",2017-09,2019-08-09,ssRNA(+),DENV-2
LC436630,Dengue virus type 2,Orthoflavivirus denguei,,36e-S1004,1485,partial,Bangladesh,Bangladesh,Homo sapiens,blood,"Suzuki,K., Phadungsombat,J., Nakayama,E.E., Saito,A., Egawa,A., Sato,T., Rahim,R., Hasan,A., Lin,M.Y., Takasaki,T., Rahman,M., Shioda,T.",2017-09,2019-08-09,ssRNA(+),DENV-2
LC436631,Dengue virus type 2,Orthoflavivirus denguei,,37e-S1021,1485,partial,Bangladesh,Bangladesh,Homo sapiens,blood,"Suzuki,K., Phadungsombat,J., Nakayama,E.E., Saito,A., Egawa,A., Sato,T., Rahim,R., Hasan,A., Lin,M.Y., Takasaki,T., Rahman,M., Shioda,T.",2017-09,2019-08-09,ssRNA(+),DENV-2
LC436632,Dengue virus type 2,Orthoflavivirus denguei,,38e-S1022,1485,partial,Bangladesh,Bangladesh,Homo sapiens,blood,"Suzuki,K., Phadungsombat,J., Nakayama,E.E., Saito,A., Egawa,A., Sato,T., Rahim,R., Hasan,A., Lin,M.Y., Takasaki,T., Rahman,M., Shioda,T.",2017-09,2019-08-09,ssRNA(+),DENV-2
LC436633,Dengue virus type 2,Orthoflavivirus denguei,,39e-S1029,1485,partial,Bangladesh,Bangladesh,Homo sapiens,blood,"Suzuki,K., Phadungsombat,J., Nakayama,E.E., Saito,A., Egawa,A., Sato,T., Rahim,R., Hasan,A., Lin,M.Y., Takasaki,T., Rahman,M., Shioda,T.",2017-09,2019-08-09,ssRNA(+),DENV-2
LC436634,Dengue virus type 2,Orthoflavivirus denguei,,49e-S1048,1485,partial,Bangladesh,Bangladesh,Homo sapiens,blood,"Suzuki,K., Phadungsombat,J., Nakayama,E.E., Saito,A., Egawa,A., Sato,T., Rahim,R., Hasan,A., Lin,M.Y., Takasaki,T., Rahman,M., Shioda,T.",2017-09,2019-08-09,ssRNA(+),DENV-2
LC436635,Dengue virus type 2,Orthoflavivirus denguei,,50e-S1051,1485,partial,Bangladesh,Bangladesh,Homo sapiens,blood,"Suzuki,K., Phadungsombat,J., Nakayama,E.E., Saito,A., Egawa,A., Sato,T., Rahim,R., Hasan,A., Lin,M.Y., Takasaki,T., Rahman,M., Shioda,T.",2017-09,2019-08-09,ssRNA(+),DENV-2
LC436636,Dengue virus type 2,Orthoflavivirus denguei,,51e-S1056,1485,partial,Bangladesh,Bangladesh,Homo sapiens,blood,"Suzuki,K., Phadungsombat,J., Nakayama,E.E., Saito,A., Egawa,A., Sato,T., Rahim,R., Hasan,A., Lin,M.Y., Takasaki,T., Rahman,M., Shioda,T.",2017-09,2019-08-09,ssRNA(+),DENV-2
LC436637,Dengue virus type 2,Orthoflavivirus denguei,,52e-S1057,1485,partial,Bangladesh,Bangladesh,Homo sapiens,blood,"Suzuki,K., Phadungsombat,J., Nakayama,E.E., Saito,A., Egawa,A., Sato,T., Rahim,R., Hasan,A., Lin,M.Y., Takasaki,T., Rahman,M., Shioda,T.",2017-09,2019-08-09,ssRNA(+),DENV-2
LC436638,Dengue virus type 2,Orthoflavivirus denguei,,53e-S1058,1485,partial,Bangladesh,Bangladesh,Homo sapiens,blood,"Suzuki,K., Phadungsombat,J., Nakayama,E.E., Saito,A., Egawa,A., Sato,T., Rahim,R., Hasan,A., Lin,M.Y., Takasaki,T., Rahman,M., Shioda,T.",2017-09,2019-08-09,ssRNA(+),DENV-2
LC436639,Dengue virus type 2,Orthoflavivirus denguei,,54e-S1060,1485,partial,Bangladesh,Bangladesh,Homo sapiens,blood,"Suzuki,K., Phadungsombat,J., Nakayama,E.E., Saito,A., Egawa,A., Sato,T., Rahim,R., Hasan,A., Lin,M.Y., Takasaki,T., Rahman,M., Shioda,T.",2017-09,2019-08-09,ssRNA(+),DENV-2
LC436640,Dengue virus type 2,Orthoflavivirus denguei,,59e-S1110,1485,partial,Bangladesh,Bangladesh,Homo sapiens,blood,"Suzuki,K., Phadungsombat,J., Nakayama,E.E., Saito,A., Egawa,A., Sato,T., Rahim,R., Hasan,A., Lin,M.Y., Takasaki,T., Rahman,M., Shioda,T.",2017-09,2019-08-09,ssRNA(+),DENV-2
LC436641,Dengue virus type 2,Orthoflavivirus denguei,,60e-S1111,1485,partial,Bangladesh,Bangladesh,Homo sapiens,blood,"Suzuki,K., Phadungsombat,J., Nakayama,E.E., Saito,A., Egawa,A., Sato,T., Rahim,R., Hasan,A., Lin,M.Y., Takasaki,T., Rahman,M., Shioda,T.",2017-09,2019-08-09,ssRNA(+),DENV-2
LC436642,Dengue virus type 2,Orthoflavivirus denguei,,61e-S1114,1485,partial,Bangladesh,Bangladesh,Homo sapiens,blood,"Suzuki,K., Phadungsombat,J., Nakayama,E.E., Saito,A., Egawa,A., Sato,T., Rahim,R., Hasan,A., Lin,M.Y., Takasaki,T., Rahman,M., Shioda,T.",2017-09,2019-08-09,ssRNA(+),DENV-2
LC436643,Dengue virus type 2,Orthoflavivirus denguei,,63e-S1118,1485,partial,Bangladesh,Bangladesh,Homo sapiens,blood,"Suzuki,K., Phadungsombat,J., Nakayama,E.E., Saito,A., Egawa,A., Sato,T., Rahim,R., Hasan,A., Lin,M.Y., Takasaki,T., Rahman,M., Shioda,T.",2017-09,2019-08-09,ssRNA(+),DENV-2
LC436644,Dengue virus type 2,Orthoflavivirus denguei,,62e-S1116,1485,partial,Bangladesh,Bangladesh,Homo sapiens,blood,"Suzuki,K., Phadungsombat,J., Nakayama,E.E., Saito,A., Egawa,A., Sato,T., Rahim,R., Hasan,A., Lin,M.Y., Takasaki,T., Rahman,M., Shioda,T.",2017-09,2019-08-09,ssRNA(+),DENV-2
LC436645,Dengue virus type 2,Orthoflavivirus denguei,,64e-S1136,1485,partial,Bangladesh,Bangladesh,Homo sapiens,blood,"Suzuki,K., Phadungsombat,J., Nakayama,E.E., Saito,A., Egawa,A., Sato,T., Rahim,R., Hasan,A., Lin,M.Y., Takasaki,T., Rahman,M., Shioda,T.",2017-09,2019-08-09,ssRNA(+),DENV-2
LC436646,Dengue virus type 2,Orthoflavivirus denguei,,65e-S1186,1485,partial,Bangladesh,Bangladesh,Homo sapiens,blood,"Suzuki,K., Phadungsombat,J., Nakayama,E.E., Saito,A., Egawa,A., Sato,T., Rahim,R., Hasan,A., Lin,M.Y., Takasaki,T., Rahman,M., Shioda,T.",2017-09,2019-08-09,ssRNA(+),DENV-2
LC436647,Dengue virus type 2,Orthoflavivirus denguei,,66e-S1214,1485,partial,Bangladesh,Bangladesh,Homo sapiens,blood,"Suzuki,K., Phadungsombat,J., Nakayama,E.E., Saito,A., Egawa,A., Sato,T., Rahim,R., Hasan,A., Lin,M.Y., Takasaki,T., Rahman,M., Shioda,T.",2017-09,2019-08-09,ssRNA(+),DENV-2
LC436648,Dengue virus type 2,Orthoflavivirus denguei,,67e-S1218,1485,partial,Bangladesh,Bangladesh,Homo sapiens,blood,"Suzuki,K., Phadungsombat,J., Nakayama,E.E., Saito,A., Egawa,A., Sato,T., Rahim,R., Hasan,A., Lin,M.Y., Takasaki,T., Rahman,M., Shioda,T.",2017-09,2019-08-09,ssRNA(+),DENV-2
LC436649,Dengue virus type 2,Orthoflavivirus denguei,,68e-S1224,1485,partial,Bangladesh,Bangladesh,Homo sapiens,blood,"Suzuki,K., Phadungsombat,J., Nakayama,E.E., Saito,A., Egawa,A., Sato,T., Rahim,R., Hasan,A., Lin,M.Y., Takasaki,T., Rahman,M., Shioda,T.",2017-09,2019-08-09,ssRNA(+),DENV-2
LC436650,Dengue virus type 2,Orthoflavivirus denguei,,70e-S1285,1485,partial,Bangladesh,Bangladesh,Homo sapiens,blood,"Suzuki,K., Phadungsombat,J., Nakayama,E.E., Saito,A., Egawa,A., Sato,T., Rahim,R., Hasan,A., Lin,M.Y., Takasaki,T., Rahman,M., Shioda,T.",2017-10,2019-08-09,ssRNA(+),DENV-2
LC436651,Dengue virus type 2,Orthoflavivirus denguei,,71e-S1296,1485,partial,Bangladesh,Bangladesh,Homo sapiens,blood,"Suzuki,K., Phadungsombat,J., Nakayama,E.E., Saito,A., Egawa,A., Sato,T., Rahim,R., Hasan,A., Lin,M.Y., Takasaki,T., Rahman,M., Shioda,T.",2017-10,2019-08-09,ssRNA(+),DENV-2
LC436652,Dengue virus type 2,Orthoflavivirus denguei,,73e-S1353,1485,partial,Bangladesh,Bangladesh,Homo sapiens,blood,"Suzuki,K., Phadungsombat,J., Nakayama,E.E., Saito,A., Egawa,A., Sato,T., Rahim,R., Hasan,A., Lin,M.Y., Takasaki,T., Rahman,M., Shioda,T.",2017-10,2019-08-09,ssRNA(+),DENV-2
LC436653,Dengue virus type 2,Orthoflavivirus denguei,,74e-S1365,1485,partial,Bangladesh,Bangladesh,Homo sapiens,blood,"Suzuki,K., Phadungsombat,J., Nakayama,E.E., Saito,A., Egawa,A., Sato,T., Rahim,R., Hasan,A., Lin,M.Y., Takasaki,T., Rahman,M., Shioda,T.",2017-10,2019-08-09,ssRNA(+),DENV-2
LC436654,Dengue virus type 2,Orthoflavivirus denguei,,75e-S1450,1485,partial,Bangladesh,Bangladesh,Homo sapiens,blood,"Suzuki,K., Phadungsombat,J., Nakayama,E.E., Saito,A., Egawa,A., Sato,T., Rahim,R., Hasan,A., Lin,M.Y., Takasaki,T., Rahman,M., Shioda,T.",2017-10,2019-08-09,ssRNA(+),DENV-2
LC436655,Dengue virus type 2,Orthoflavivirus denguei,,76e-S1495,1485,partial,Bangladesh,Bangladesh,Homo sapiens,blood,"Suzuki,K., Phadungsombat,J., Nakayama,E.E., Saito,A., Egawa,A., Sato,T., Rahim,R., Hasan,A., Lin,M.Y., Takasaki,T., Rahman,M., Shioda,T.",2017-11,2019-08-09,ssRNA(+),DENV-2
LC436656,Dengue virus type 2,Orthoflavivirus denguei,,77e-S1541,1485,partial,Bangladesh,Bangladesh,Homo sapiens,blood,"Suzuki,K., Phadungsombat,J., Nakayama,E.E., Saito,A., Egawa,A., Sato,T., Rahim,R., Hasan,A., Lin,M.Y., Takasaki,T., Rahman,M., Shioda,T.",2017-11,2019-08-09,ssRNA(+),DENV-2
LC436657,Dengue virus type 2,Orthoflavivirus denguei,,78e-S1570,1485,partial,Bangladesh,Bangladesh,Homo sapiens,blood,"Suzuki,K., Phadungsombat,J., Nakayama,E.E., Saito,A., Egawa,A., Sato,T., Rahim,R., Hasan,A., Lin,M.Y., Takasaki,T., Rahman,M., Shioda,T.",2017-11,2019-08-09,ssRNA(+),DENV-2
LC436658,Dengue virus type 2,Orthoflavivirus denguei,,79e-S1622,1485,partial,Bangladesh,Bangladesh,Homo sapiens,blood,"Suzuki,K., Phadungsombat,J., Nakayama,E.E., Saito,A., Egawa,A., Sato,T., Rahim,R., Hasan,A., Lin,M.Y., Takasaki,T., Rahman,M., Shioda,T.",2017-12,2019-08-09,ssRNA(+),DENV-2
LC436659,Dengue virus type 2,Orthoflavivirus denguei,,80e-S1635,1485,partial,Bangladesh,Bangladesh,Homo sapiens,blood,"Suzuki,K., Phadungsombat,J., Nakayama,E.E., Saito,A., Egawa,A., Sato,T., Rahim,R., Hasan,A., Lin,M.Y., Takasaki,T., Rahman,M., Shioda,T.",2017-12,2019-08-09,ssRNA(+),DENV-2
KT781532,Dengue virus type 2,Orthoflavivirus denguei,Cosmopolitan,Bangladesh 2011,1485,partial,Bangladesh,Bangladesh,Homo sapiens,,"Pyke,A.T.",2011,2017-11-02,ssRNA(+),DENV-2
JN036372,Dengue virus type 2,Orthoflavivirus denguei,2,BDH16-09/DENV2,1485,partial,Bangladesh: Dhaka,Bangladesh,Homo sapiens,blood,"Kubo,T., Islam,M.A., Ali,M.H., Hossain,S., Kaniz,M., Tun,M.N., Morita,K.",2009-10,2012-07-31,ssRNA(+),DENV-2
JN036373,Dengue virus type 2,Orthoflavivirus denguei,2,BDH17-09/DENV2,1485,partial,Bangladesh: Dhaka,Bangladesh,Homo sapiens,blood,"Kubo,T., Islam,M.A., Ali,M.H., Hossain,S., Kaniz,M., Tun,M.N., Morita,K.",2009-10,2012-07-31,ssRNA(+),DENV-2
JN036374,Dengue virus type 2,Orthoflavivirus denguei,2,BDH29-09/DENV2,1485,partial,Bangladesh: Dhaka,Bangladesh,Homo sapiens,blood,"Kubo,T., Islam,M.A., Ali,M.H., Hossain,S., Kaniz,M., Tun,M.N., Morita,K.",2009-10-02,2012-07-31,ssRNA(+),DENV-2
JN036375,Dengue virus type 2,Orthoflavivirus denguei,2,BDH54-08/DENV2,1485,partial,Bangladesh: Dhaka,Bangladesh,Homo sapiens,blood,"Kubo,T., Islam,M.A., Ali,M.H., Hossain,S., Kaniz,M., Tun,M.N., Morita,K.",2008-08-13,2012-07-31,ssRNA(+),DENV-2
JN036376,Dengue virus type 2,Orthoflavivirus denguei,2,BDH64-08/DENV2,1485,partial,Bangladesh: Dhaka,Bangladesh,Homo sapiens,blood,"Kubo,T., Islam,M.A., Ali,M.H., Hossain,S., Kaniz,M., Tun,M.N., Morita,K.",2008-09-04,2012-07-31,ssRNA(+),DENV-2
JN036377,Dengue virus type 2,Orthoflavivirus denguei,2,BDH86-08/DENV2,1485,partial,Bangladesh: Dhaka,Bangladesh,Homo sapiens,blood,"Kubo,T., Islam,M.A., Ali,M.H., Hossain,S., Kaniz,M., Tun,M.N., Morita,K.",2008-08-20,2012-07-31,ssRNA(+),DENV-2
JN036378,Dengue virus type 2,Orthoflavivirus denguei,2,BDH127-07/DENV2,1485,partial,Bangladesh: Dhaka,Bangladesh,Homo sapiens,blood,"Kubo,T., Islam,M.A., Ali,M.H., Hossain,S., Kaniz,M., Tun,M.N., Morita,K.",2007-09-19,2012-07-31,ssRNA(+),DENV-2
JN036379,Dengue virus type 2,Orthoflavivirus denguei,2,BDH21-06/DENV2,1485,partial,Bangladesh: Dhaka,Bangladesh,Homo sapiens,blood,"Kubo,T., Islam,M.A., Ali,M.H., Hossain,S., Kaniz,M., Tun,M.N., Morita,K.",2006-07-13,2012-07-31,ssRNA(+),DENV-2
JN036380,Dengue virus type 2,Orthoflavivirus denguei,2,BDH83-06/DENV2,1485,partial,Bangladesh: Dhaka,Bangladesh,Homo sapiens,blood,"Kubo,T., Islam,M.A., Ali,M.H., Hossain,S., Kaniz,M., Tun,M.N., Morita,K.",2006-07-19,2012-07-31,ssRNA(+),DENV-2
EU448423,Dengue virus type 2,Orthoflavivirus denguei,,D2/Bangladesh/0510aTw,1485,partial,Bangladesh,Bangladesh,,,"Shu,P.Y., Su,C.L., Liao,T.L., Yang,C.F., Chang,S.F., Lin,C.C., Chang,M.C., Hu,H.C., Huang,J.H., Shu,P.-Y., Huang,J.-H., Su,C.-L., Liao,T.-L., Yang,C.-F., Chang,S.-F., Lin,C.-C., Chang,M.-C.",2005,2008-12-31,ssRNA(+),DENV-2
EU448424,Dengue virus type 2,Orthoflavivirus denguei,,D2/Bangladesh/0411aTw,1485,partial,Bangladesh,Bangladesh,,,"Shu,P.Y., Su,C.L., Liao,T.L., Yang,C.F., Chang,S.F., Lin,C.C., Chang,M.C., Hu,H.C., Huang,J.H., Shu,P.-Y., Huang,J.-H., Su,C.-L., Liao,T.-L., Yang,C.-F., Chang,S.-F., Lin,C.-C., Chang,M.-C.",2004,2008-12-31,ssRNA(+),DENV-2
